PAK,Objekti,Broj spratova,Domacinstva,Pravna lica stan,Pravna lica lokal,Pravna lica,Korisnici,Liftovi,Sanducici,O,OS,R,RS,AR,ARS,PU,TR10,V,Votk,Ropt,Rino,TG,Posiljke
400106,4,10,35,3,14,17,52,0,31,363,21,9,0,0,20,0,1,0,0,0,0,0,414
400107,4,0,15,0,18,18,33,0,12,230,40,15,0,3,6,0,0,1,0,0,0,0,295
400108,1,0,0,0,0,0,0,0,0,0,0,0,0,0,1,0,0,0,0,0,0,0,1
400109,6,2,118,30,44,74,192,0,72,1262,79,79,3,19,80,1,0,0,1,3,0,1,1527
400110,7,0,35,16,53,69,104,0,24,965,98,51,7,11,92,0,0,0,1,0,0,0,1225
400111,3,2,0,9,9,18,18,0,0,239,26,22,2,1,7,0,0,0,0,0,0,0,297
400112,3,0,0,0,0,0,0,0,0,8,0,1,0,0,2,0,0,0,0,0,0,0,11
400113,9,35,218,79,16,95,313,6,185,1593,54,108,4,17,101,66,0,2,2,1,10,0,1958
400114,8,74,214,10,19,29,243,5,63,1184,20,32,0,10,36,6,0,1,0,0,2,0,1291
400115,3,4,23,2,9,11,34,1,6,159,0,10,2,1,10,1,0,0,0,0,0,0,183
400116,3,3,24,0,3,3,27,1,24,123,0,6,0,1,4,0,1,0,0,0,1,0,136
400117,5,5,40,1,4,5,45,1,33,297,19,7,2,1,11,3,0,0,0,0,0,0,340
400118,4,15,75,3,11,14,89,3,54,615,6,11,0,4,14,34,1,0,5,0,1,0,691
400128,4,9,45,5,6,11,56,1,34,348,6,17,1,1,15,0,0,0,1,0,0,0,389
400129,3,12,59,3,9,12,71,2,26,341,2,10,0,1,10,0,0,0,0,0,0,0,364
400130,3,12,52,6,8,14,66,2,24,335,11,19,4,13,26,1,3,0,0,7,0,0,419
400131,3,18,93,24,4,28,121,3,66,554,15,15,0,4,12,2,0,0,1,0,0,0,603
400132,3,6,36,9,3,12,48,1,33,324,16,6,0,0,17,0,0,0,0,0,2,0,365
400133,4,8,32,2,8,10,42,1,14,264,4,6,0,5,13,0,0,0,0,0,0,0,292
400137,3,14,45,7,8,15,60,2,42,489,31,21,4,5,14,1,0,8,0,0,0,0,573
400138,9,37,112,48,15,63,175,1,94,778,360,97,11,10,212,3,1,1,3,1,7,0,1484
400139,2,12,51,5,13,18,69,2,39,411,125,28,2,14,49,2,3,0,1,0,2,0,637
400201,4,21,56,15,7,22,78,4,53,390,162,55,7,13,252,3,6,1,0,1,1,0,891
400202,6,31,104,8,4,12,116,1,97,620,205,37,0,5,28,0,8,1,0,0,1,0,905
400203,1,9,81,20,4,24,105,1,71,434,245,44,0,21,93,1,12,0,0,1,2,0,853
400208,2,9,15,1,2,3,18,1,13,106,24,14,0,3,3,0,0,1,0,0,0,0,151
400209,4,20,54,3,0,3,57,3,53,390,33,13,2,4,30,0,9,1,0,1,2,0,485
400210,4,18,55,4,15,19,74,3,57,468,235,47,11,8,16,1,11,3,0,0,2,0,802
400231,1,3,0,1,1,2,2,0,0,28,82,18,8,1,6,0,0,1,0,0,0,0,144
400301,6,23,83,33,0,33,116,1,75,662,186,45,6,12,123,0,1,1,0,1,1,0,1038
400302,5,17,69,5,1,6,75,0,63,343,142,34,0,3,17,17,2,1,0,0,0,0,559
400303,10,47,122,12,2,14,136,4,116,749,161,36,2,11,134,2,6,2,1,1,5,0,1110
400304,3,10,24,8,2,10,34,0,18,221,64,31,6,7,21,0,1,16,0,0,0,0,367
400305,1,2,0,0,1,1,1,0,0,2,176,16,0,1,3,0,1,0,0,0,0,0,199
400306,4,14,38,4,0,4,42,0,30,330,49,14,0,1,14,0,4,1,1,0,0,0,414
400307,4,13,33,2,0,2,35,0,32,220,27,6,0,2,12,3,4,1,0,0,2,0,277
400308,6,25,58,8,1,9,67,1,59,465,105,38,2,11,95,4,6,0,1,0,4,0,731
400309,3,9,29,8,0,8,37,0,32,203,83,13,0,6,11,0,0,1,0,0,0,0,317
400310,3,7,23,4,1,5,28,0,17,157,54,12,0,3,27,1,0,0,0,5,1,0,260
400311,5,13,29,4,0,4,33,0,22,189,110,15,0,0,8,0,10,0,0,0,1,0,333
400312,2,8,29,2,3,5,34,0,22,194,87,10,0,2,19,0,0,0,0,0,5,0,317
400317,2,14,39,9,6,15,54,2,12,367,26,20,0,11,45,0,0,0,1,0,2,0,472
400318,7,20,55,11,9,20,75,3,53,581,47,53,9,4,25,1,3,2,0,1,0,0,726
400319,3,12,26,4,1,5,31,2,26,371,0,13,0,4,21,1,0,0,0,0,2,0,412
400320,6,25,67,5,0,5,72,2,67,678,0,21,0,2,9,1,6,0,0,0,1,0,718
400321,2,10,20,3,0,3,23,2,20,274,0,12,0,3,10,0,0,0,1,0,0,0,300
400322,1,6,15,1,6,7,22,1,15,220,12,8,0,0,4,1,0,0,0,0,0,0,245
400323,2,8,32,9,9,18,50,1,32,341,228,31,13,14,18,0,0,1,0,1,0,0,647
400324,2,5,0,6,1,7,7,0,0,71,160,19,35,9,24,0,0,0,0,1,0,0,319
400329,4,19,54,1,11,12,66,3,54,383,0,10,0,2,11,0,0,0,0,0,2,0,408
400330,4,27,91,10,19,29,120,4,90,880,127,41,13,15,18,0,2,0,0,0,1,1,1097
400331,5,23,94,10,2,12,106,1,94,875,304,36,80,25,44,1,5,0,0,0,5,0,1375
400332,5,18,43,4,0,4,47,0,43,520,14,13,0,3,22,1,1,0,0,0,0,0,574
400333,6,33,108,5,6,11,119,3,108,949,11,27,1,8,24,0,10,0,2,1,2,0,1035
400334,2,14,49,5,11,16,65,2,49,536,290,39,40,18,36,4,1,0,1,3,2,0,970
400335,2,9,23,9,6,15,38,2,23,230,363,34,5,15,14,0,0,0,2,0,3,0,666
400336,1,1,0,3,0,3,3,0,0,51,29,0,0,1,2,0,0,0,0,0,0,0,83
400337,2,12,27,3,0,3,30,2,27,308,0,12,0,0,9,0,7,0,0,0,0,0,336
400338,4,1,2,0,0,0,2,0,2,68,0,1,0,0,5,0,1,0,0,0,0,0,75
400339,4,20,45,0,4,4,49,4,45,455,208,33,14,21,18,0,4,0,2,0,2,0,757
400340,1,7,20,2,2,4,24,1,20,198,0,7,0,0,2,0,0,0,0,0,0,0,207
400342,5,30,65,4,7,11,76,5,65,673,176,17,0,6,45,8,17,0,0,0,2,0,944
400344,2,12,31,1,0,1,32,2,31,303,0,5,0,0,9,1,2,0,0,0,0,0,320
400345,3,19,42,6,6,12,54,3,42,513,0,27,0,4,42,0,8,0,1,1,1,0,597
400346,4,20,58,7,4,11,69,4,46,730,9,61,1,9,33,7,11,0,4,0,1,0,866
400348,3,8,19,7,3,10,29,0,18,312,0,60,4,37,28,11,0,1,0,1,1,0,455
400349,6,19,50,0,0,0,50,0,17,425,0,17,0,4,52,12,3,0,0,0,0,0,513
400350,3,6,39,0,1,1,40,0,0,351,0,8,0,5,11,1,5,0,0,1,0,0,382
400351,4,11,45,2,1,3,48,0,0,397,0,20,0,2,17,5,5,0,0,0,0,0,446
400352,4,12,42,3,0,3,45,1,0,384,0,23,0,2,27,3,2,0,1,1,1,0,444
400353,4,12,34,3,0,3,37,0,33,307,0,13,0,3,15,2,4,0,0,0,2,0,346
400354,8,25,49,3,0,3,52,0,49,438,0,16,0,5,15,2,4,1,0,0,0,0,481
400355,3,15,48,5,0,5,53,0,48,475,0,18,4,4,38,0,3,0,0,0,0,0,542
400356,3,11,34,1,0,1,35,0,34,305,0,10,0,6,20,0,3,0,0,1,1,0,346
400357,2,7,6,3,0,3,9,0,23,241,0,28,0,5,11,0,0,0,0,0,0,0,285
400358,5,22,62,3,0,3,65,1,61,517,0,23,0,3,22,0,1,1,0,0,0,0,567
400359,5,9,30,2,0,2,32,0,30,256,0,22,0,5,39,0,0,0,2,1,1,0,326
400360,3,8,42,0,0,0,42,0,42,338,0,26,0,3,111,0,0,0,1,0,0,0,479
400361,3,9,20,0,1,1,21,0,20,144,0,2,0,1,17,0,0,0,0,0,0,0,164
400362,2,8,28,0,0,0,28,0,28,273,0,8,0,0,15,0,0,0,1,0,0,0,297
400363,2,5,18,2,0,2,20,0,18,156,0,19,1,7,47,6,0,1,2,0,0,0,239
400364,6,26,71,4,0,4,75,0,70,597,4,25,0,9,29,4,6,0,1,2,1,0,678
400365,4,5,16,2,0,2,18,0,16,175,0,5,0,1,11,1,2,0,0,0,1,0,196
400366,2,4,11,3,0,3,14,0,11,186,0,15,0,1,13,2,0,1,0,0,0,0,218
400367,5,15,40,3,2,5,45,0,40,342,0,11,0,3,4,2,0,0,0,0,1,0,363
400368,2,8,39,5,0,5,44,1,39,372,0,23,0,3,18,0,2,1,1,0,2,0,422
400369,2,4,8,2,0,2,10,0,8,96,2,10,0,2,22,0,0,1,0,1,0,0,134
400370,3,8,34,0,0,0,34,0,26,194,0,18,0,1,7,0,3,0,0,0,0,0,223
400371,3,5,11,0,0,0,11,0,11,125,0,3,0,2,6,10,0,0,0,0,0,0,146
400372,1,3,13,0,0,0,13,0,13,83,0,4,0,0,6,0,0,0,0,0,0,0,93
400373,3,10,29,3,1,4,33,0,29,310,0,37,0,3,25,0,0,0,0,0,1,0,376
400374,6,23,68,9,2,11,79,0,67,871,0,36,0,8,84,0,5,0,1,0,2,0,1007
400375,5,16,43,6,3,9,52,0,43,499,0,93,0,5,17,0,5,1,3,0,0,0,623
400143,1,4,0,0,7,7,7,1,0,57,0,3,0,0,5,0,0,0,0,0,0,0,65
400144,7,35,0,0,54,54,54,6,0,582,287,140,29,21,86,6,0,2,4,13,1,0,1171
400145,5,10,31,21,1,22,53,0,31,545,28,35,0,12,131,0,4,1,0,2,5,0,763
400146,3,4,1,0,11,11,12,0,1,176,10,31,0,5,36,0,0,0,3,18,0,0,279
400147,5,17,40,5,0,5,45,0,33,357,3,9,1,0,21,34,9,0,0,0,0,0,434
400148,1,0,0,0,0,0,0,0,0,0,0,0,0,0,0,0,0,0,0,0,0,0,0
400149,5,8,36,9,5,14,50,0,27,344,10,31,11,9,78,9,0,0,0,0,0,0,492
400376,4,18,49,5,3,8,57,0,49,453,4,24,0,3,36,3,7,0,1,0,0,0,531
400377,3,13,31,7,0,7,38,0,31,293,0,7,0,1,18,0,14,0,1,1,1,0,336
400379,9,29,82,26,5,31,113,0,62,955,14,61,3,27,160,0,3,1,7,4,2,0,1237
400380,4,10,23,3,0,3,26,1,23,194,0,5,0,0,7,0,2,0,0,0,0,0,208
400381,4,19,61,5,0,5,66,1,58,453,7,15,0,0,15,2,1,0,0,0,0,0,493
400382,1,2,1,0,1,1,2,1,1,24,71,6,7,0,5,0,0,0,0,0,0,0,113
400103,2,5,0,0,10,10,10,0,0,47,0,1,0,0,0,0,0,0,0,0,0,0,48
400401,1,6,0,0,46,46,46,1,0,130,22,26,7,5,17,0,0,0,0,0,0,0,207
400402,1,6,0,0,6,6,6,0,0,43,0,5,0,0,11,1,0,0,0,0,0,0,60
400404,3,9,34,9,4,13,47,0,34,446,39,45,7,9,23,2,1,2,1,0,3,0,578
400405,2,9,18,8,5,13,31,0,17,246,17,17,7,1,10,0,0,0,0,0,0,0,298
400406,1,1,0,0,3,3,3,0,0,49,27,7,0,6,14,0,0,0,0,0,0,0,103
400407,1,1,0,0,2,2,2,0,0,10,3,2,0,0,3,0,0,0,0,0,0,0,18
400408,2,7,25,4,7,11,36,0,23,319,80,27,6,7,24,0,0,0,0,0,4,0,467
400409,3,11,32,10,0,10,42,0,30,254,0,16,0,5,23,1,2,0,2,0,0,0,303
400411,2,16,29,4,0,4,33,2,35,341,0,18,0,9,9,1,2,0,1,0,0,0,381
400412,5,16,60,9,25,34,94,2,56,709,20,42,9,9,52,1,0,2,0,0,0,0,844
400413,7,22,84,23,44,67,151,1,62,829,47,91,12,16,75,2,0,1,0,0,3,0,1076
400414,5,7,52,16,88,104,156,0,38,779,17,48,6,13,85,1,9,6,0,0,1,0,965
400415,5,4,10,3,14,17,27,0,6,130,0,12,0,4,18,0,0,0,0,0,0,0,164
400416,1,3,0,0,4,4,4,0,0,35,0,12,3,4,12,0,0,0,0,0,1,0,67
400417,1,3,0,0,10,10,10,0,0,91,4,7,0,0,7,0,0,0,0,0,0,0,109
400418,2,8,10,2,3,5,15,0,9,171,45,7,2,2,17,0,0,0,0,0,0,0,244
400422,10,20,42,4,6,10,52,0,41,449,13,24,4,1,21,0,4,0,0,0,0,0,516
400423,6,25,63,20,19,39,102,1,58,974,108,78,10,21,36,4,3,6,1,0,2,0,1243
400424,1,0,0,0,4,4,4,0,0,19,0,0,0,0,4,0,0,0,0,0,0,0,23
400426,1,5,0,0,15,15,15,1,0,38,172,26,68,40,68,4,0,0,0,0,0,0,416
400427,4,22,42,9,0,9,51,2,40,420,9,29,6,12,41,0,1,1,1,0,0,0,520
400428,2,0,0,0,3,3,3,0,0,13,0,3,0,4,6,0,0,0,0,0,0,0,26
400429,1,1,0,0,3,3,3,0,0,13,0,2,0,1,3,0,0,0,0,0,0,0,19
400430,2,12,35,4,0,4,39,1,28,214,0,6,2,2,15,0,2,1,0,0,0,0,242
400431,7,32,74,11,1,12,86,1,69,755,243,59,43,11,59,0,4,0,2,2,1,0,1179
400432,7,20,52,7,3,10,62,1,46,461,64,18,2,7,40,0,3,0,2,2,1,0,600
400502,7,8,41,6,85,91,132,0,25,620,26,35,4,6,57,0,5,0,1,1,1,0,756
400503,5,5,50,10,79,89,139,0,31,517,18,22,4,3,52,1,4,1,0,0,3,0,625
400504,5,3,15,3,11,14,29,0,10,158,2,8,0,4,10,0,0,1,0,0,0,0,183
400505,1,0,0,0,0,0,0,0,0,3,0,0,0,0,0,0,0,0,0,0,0,0,3
400506,1,0,0,0,0,0,0,0,0,0,0,0,0,0,0,0,0,0,0,0,0,0,0
400507,6,2,18,0,46,46,64,0,18,349,100,54,13,4,25,0,2,0,2,2,0,0,551
400508,6,10,45,0,149,149,194,1,98,648,3,21,1,7,100,0,4,1,2,1,0,0,788
400510,4,10,44,1,4,5,49,1,44,471,0,21,0,2,9,3,2,0,0,0,2,0,510
400511,3,6,18,1,2,3,21,0,18,225,0,9,0,2,23,0,0,0,1,0,0,0,260
400512,4,15,62,1,0,1,63,2,62,496,0,10,0,6,10,0,8,1,0,0,0,0,531
400514,8,27,121,1,18,19,140,0,118,817,0,36,0,12,22,7,12,0,0,0,1,0,907
400515,3,12,62,0,0,0,62,2,62,382,0,24,0,3,6,1,8,0,0,0,3,0,427
400516,5,19,64,0,0,0,64,0,64,446,0,14,0,7,13,0,6,0,0,0,0,0,486
400517,4,5,36,4,2,6,42,1,36,398,3,15,0,6,10,0,4,4,1,0,0,0,441
400519,3,16,60,1,2,3,63,1,59,523,13,37,0,13,35,0,0,0,0,1,0,0,622
400520,3,8,28,0,0,0,28,0,28,151,0,4,0,7,6,0,0,1,0,0,1,0,170
400521,3,12,44,2,0,2,46,3,44,276,0,5,0,1,17,0,3,1,0,0,0,0,303
400523,4,20,54,3,5,8,62,2,54,444,3,34,0,10,19,1,0,1,0,0,0,0,512
400524,5,25,79,0,0,0,79,0,79,520,0,15,0,7,17,4,3,3,0,0,2,0,571
400525,4,13,69,8,4,12,81,2,66,533,0,33,0,8,20,3,12,0,0,0,0,0,609
400526,3,18,59,5,1,6,65,3,53,360,1,12,0,3,10,0,13,1,0,0,0,0,400
400527,5,17,51,1,5,6,57,0,51,280,3,21,0,10,13,1,0,1,1,0,6,0,336
400528,9,29,84,2,3,5,89,2,84,626,0,20,0,7,18,3,5,0,0,0,3,0,682
400529,5,27,73,4,3,7,80,3,73,572,2,29,0,4,11,0,15,0,0,0,2,0,635
400530,4,5,51,0,1,1,52,1,101,198,0,4,0,4,5,0,0,0,0,0,1,0,212
400531,5,0,7,0,1,1,8,0,7,81,0,3,0,0,11,0,1,0,0,0,0,0,96
400532,2,6,52,4,1,5,57,2,52,293,0,14,0,8,18,2,0,2,0,0,0,0,337
400533,1,0,0,0,0,0,0,0,0,189,4,12,0,5,4,0,2,0,1,0,0,0,217
400535,3,6,38,0,0,0,38,1,38,70,0,1,0,3,0,0,0,0,0,0,1,0,75
400433,2,8,20,0,2,2,22,2,20,202,6,6,0,2,7,0,2,0,0,0,0,0,225
400434,3,9,28,3,0,3,31,0,25,248,8,31,0,2,10,1,0,0,1,0,1,0,302
400536,1,0,4,0,0,0,4,0,0,46,10,3,0,1,3,0,0,0,0,0,0,0,63
400537,2,5,27,3,3,6,33,1,26,264,58,26,0,2,10,0,2,0,0,0,0,0,362
400538,3,16,49,1,0,1,50,0,28,273,9,12,0,2,8,0,4,4,1,0,1,0,314
400539,4,24,72,3,0,3,75,1,70,580,7,28,0,4,23,0,4,0,0,0,0,0,646
400540,2,5,43,3,0,3,46,2,42,287,57,27,6,2,11,0,0,0,1,0,1,0,392
400541,3,16,63,2,2,4,67,3,61,496,25,15,0,0,20,1,10,2,1,0,0,0,570
400541,3,18,68,2,2,4,72,3,66,429,0,11,0,3,10,0,4,0,1,0,0,0,458
400542,1,18,77,2,0,2,79,1,74,566,0,18,0,8,27,0,11,1,0,0,0,0,631
400543,1,18,76,3,1,4,80,1,74,634,0,60,0,5,30,0,33,1,0,0,2,0,765
400544,1,18,76,4,0,4,80,1,72,565,0,9,0,4,36,21,7,4,1,0,1,0,648
400545,1,18,76,3,1,4,80,1,71,572,0,15,0,11,15,0,5,5,1,0,0,0,624
400547,3,18,72,9,1,10,82,3,67,550,0,8,0,9,25,1,7,2,2,0,0,0,604
400548,4,2,28,3,2,5,33,1,20,226,125,36,12,1,16,0,1,0,0,0,0,0,417
400549,6,36,144,9,0,9,153,6,142,1050,20,27,0,9,34,0,17,0,1,0,3,0,1161
400550,1,0,0,0,0,0,0,0,0,0,0,0,0,0,0,0,0,0,0,0,0,0,0
400552,2,0,0,0,0,0,0,0,0,0,0,0,0,0,0,0,0,0,0,0,0,0,0
400553,3,15,36,4,2,6,42,3,35,320,8,12,0,2,6,1,0,0,6,0,0,0,355
400554,1,4,34,0,0,0,34,0,0,193,0,11,0,0,4,0,1,0,0,0,0,0,209
400555,5,12,52,2,0,2,54,0,48,296,0,17,0,3,11,10,2,0,0,0,0,0,339
400440,5,5,15,3,9,12,27,0,1,142,209,30,66,14,5,0,0,5,0,0,0,0,471
400441,13,7,27,3,23,26,53,0,19,248,175,9,3,7,9,0,5,0,1,0,0,2,459
400442,7,8,38,0,2,2,40,0,14,188,16,2,0,1,7,0,0,0,0,0,0,0,214
400556,6,13,99,2,6,8,107,2,75,373,90,25,21,3,24,1,2,0,0,0,0,0,539
400557,3,5,39,0,0,0,39,1,35,240,0,6,0,1,7,0,2,0,0,0,1,0,257
400558,3,0,37,2,1,3,40,0,21,226,45,13,10,2,9,2,0,1,1,2,0,0,311
400559,3,5,19,1,1,2,21,0,12,127,30,17,11,1,3,0,1,0,0,0,1,0,191
400560,4,14,114,2,13,15,129,1,93,667,46,12,0,6,10,0,2,0,1,0,0,0,744
400561,2,5,20,0,2,2,22,1,17,112,0,2,0,0,0,0,0,0,0,0,0,0,114
400562,6,4,18,0,2,2,20,0,23,229,16,11,0,0,8,0,0,0,0,0,1,0,265
400601,1,2,0,0,1,1,1,0,0,15,2,1,0,0,0,0,1,0,0,0,0,0,19
400602,1,2,0,0,1,1,1,0,0,42,7,12,4,1,8,17,0,3,2,1,1,0,98
400603,15,20,52,1,30,31,83,0,31,594,220,57,22,21,52,7,2,1,0,1,2,1,980
400604,7,2,23,1,9,10,33,0,17,213,80,18,8,3,15,0,0,0,0,0,0,0,337
400606,2,0,3,1,0,1,4,0,3,45,2,2,0,0,2,2,0,0,0,0,0,0,53
400607,5,0,10,0,2,2,12,0,10,68,3,9,0,0,5,13,0,0,0,0,0,0,98
400610,5,0,14,0,0,0,14,0,6,84,11,1,0,0,17,0,0,0,0,0,0,0,113
400611,2,0,4,0,1,1,5,0,4,37,27,4,0,0,1,0,0,0,0,0,0,0,69
400612,7,0,27,0,6,6,33,0,24,190,32,8,0,1,21,1,5,0,0,0,0,0,258
400613,9,2,35,1,1,2,37,0,27,215,13,9,0,5,12,0,0,1,0,1,0,0,256
400614,13,2,68,0,0,0,68,0,55,318,7,14,0,2,12,1,14,0,2,0,0,0,370
400615,7,0,10,1,2,3,13,0,7,57,44,2,0,0,2,10,0,0,0,0,0,0,115
400616,6,0,29,1,0,1,30,0,23,231,30,2,0,2,7,4,0,0,0,0,0,0,276
400617,6,0,15,0,1,1,16,0,5,82,13,6,0,0,5,0,0,0,0,0,0,0,106
400618,2,0,12,0,0,0,12,0,7,28,0,1,0,0,0,0,0,0,0,0,0,0,29
400619,13,0,22,2,1,3,25,0,19,183,28,15,0,1,12,0,2,0,0,0,0,0,241
400620,6,17,94,5,9,14,108,2,75,631,53,22,2,5,29,10,4,0,0,0,2,0,758
400621,5,9,43,4,2,6,49,0,38,284,53,9,0,4,12,2,2,1,0,0,1,0,368
400622,2,2,4,0,0,0,4,0,2,40,24,1,0,0,7,0,0,1,0,1,0,0,74
400623,4,5,46,0,4,4,50,1,41,246,17,4,1,4,14,0,4,0,0,0,0,0,290
400624,2,4,31,0,2,2,33,0,24,180,2,4,0,1,3,0,0,1,0,0,0,0,191
400625,4,16,54,3,12,15,69,0,53,478,209,50,35,8,39,1,1,2,0,0,1,0,824
400626,4,16,68,2,14,16,84,0,60,534,152,34,9,13,23,5,1,1,0,0,0,0,772
400627,4,12,51,3,5,8,59,0,39,351,108,32,18,11,15,3,0,0,0,0,2,0,540
400632,7,10,55,6,3,9,64,0,22,403,28,15,2,5,19,0,2,2,0,0,1,0,477
400633,4,0,12,0,1,1,13,0,10,81,2,7,2,2,0,0,0,0,0,0,0,0,94
400634,5,0,34,2,2,4,38,0,30,252,36,18,6,1,8,0,4,0,0,0,0,0,325
400635,3,1,18,0,0,0,18,0,14,102,0,2,0,0,6,0,0,0,0,0,0,0,110
400636,3,3,7,0,0,0,7,0,3,73,20,2,2,2,4,0,1,0,0,0,0,0,104
400637,4,0,14,0,1,1,15,0,8,78,2,3,0,1,0,0,0,0,0,0,1,0,85
400638,5,0,15,0,0,0,15,0,10,113,14,6,2,0,2,0,3,0,0,0,1,2,143
400639,4,1,20,0,0,0,20,0,2,107,4,0,0,0,4,0,0,0,0,0,0,0,115
400640,7,0,15,0,0,0,15,0,5,95,13,2,0,1,11,0,0,0,0,0,0,0,122
400641,6,1,12,1,12,13,25,0,3,154,59,7,0,1,9,4,0,0,0,0,0,0,234
400642,11,3,19,0,1,1,20,0,10,125,21,7,0,3,5,0,3,0,0,0,0,0,164
400643,14,0,34,0,0,0,34,0,19,293,10,11,0,8,21,1,3,0,0,0,2,0,349
400644,5,0,7,0,0,0,7,0,7,41,0,1,0,0,2,0,0,0,0,0,0,0,44
400645,4,4,5,0,1,1,6,0,4,37,12,0,0,0,5,0,0,0,0,0,0,0,54
400646,4,14,75,1,4,5,80,0,69,540,39,29,2,9,40,10,2,0,1,0,0,0,672
400435,7,2,54,3,118,121,175,0,42,842,82,36,0,22,36,24,3,1,0,2,6,0,1054
400436,6,0,10,1,21,22,32,0,5,210,42,15,0,6,19,0,1,1,0,0,0,0,294
400437,3,0,0,0,5,5,5,0,0,35,6,1,0,0,1,0,0,0,0,0,0,0,43
400438,7,4,73,2,202,204,277,0,47,1172,156,83,9,45,83,18,4,6,0,1,3,0,1580
400439,4,2,28,7,47,54,82,0,19,594,61,55,0,35,66,0,2,10,0,0,3,0,826
400443,9,14,45,3,16,19,64,0,29,351,20,25,0,2,8,0,0,2,0,0,0,0,408
400444,4,0,22,0,14,14,36,0,19,237,34,8,0,8,7,0,2,0,0,0,0,0,296
400445,5,0,26,4,5,9,35,0,24,209,14,16,0,6,17,1,2,1,0,0,0,0,266
400446,5,3,35,5,9,14,49,0,40,303,29,8,0,4,11,3,3,2,2,0,0,0,365
400447,11,3,50,14,9,23,73,0,50,436,10,22,2,9,18,15,1,2,0,0,2,0,517
400448,10,0,20,7,6,13,33,0,14,176,2,9,0,3,13,19,1,0,0,0,0,0,223
400449,4,10,43,2,6,8,51,0,36,270,20,12,0,1,12,2,0,1,0,0,1,0,319
400450,2,0,8,0,1,1,9,0,0,35,10,5,0,0,2,0,0,0,0,0,0,0,52
400451,7,0,18,0,3,3,21,0,4,115,0,11,0,0,1,0,0,0,0,0,0,0,127
400452,3,0,12,0,0,0,12,0,3,68,0,3,0,0,0,0,0,0,0,0,0,0,71
400453,3,7,31,1,1,2,33,0,15,125,0,6,0,0,4,0,2,0,0,0,0,0,137
400454,6,5,63,4,8,12,75,0,49,325,142,32,3,3,19,0,0,0,0,0,0,0,524
400455,1,0,4,0,2,2,6,0,0,6,0,0,0,1,0,0,0,0,0,0,0,0,7
400456,3,0,6,3,0,3,9,0,0,86,40,8,0,2,10,0,0,0,0,0,0,0,146
400457,6,0,32,0,10,10,42,0,17,235,2,9,4,4,7,13,2,1,0,0,0,0,277
400458,4,5,61,10,1,11,72,0,55,395,8,4,0,3,18,0,0,3,2,0,0,0,433
400459,8,10,122,27,26,53,175,0,114,894,119,64,2,16,56,0,4,3,0,0,4,0,1162
400460,6,6,29,13,4,17,46,0,26,282,112,30,2,1,14,0,0,45,275,36,0,1,797
400957,3,0,62,0,10,10,72,0,24,357,18,15,0,5,17,1,2,0,0,0,0,0,415
400958,6,15,129,3,14,17,146,0,126,427,6,7,0,0,20,0,3,3,0,0,4,0,470
401001,3,0,3,0,2,2,5,0,2,14,2,0,0,0,0,0,0,0,0,0,0,0,16
400461,7,9,38,21,13,34,72,0,34,903,22,44,46,84,4,0,2,19,14,6,0,0,1547
400647,14,33,118,17,21,38,156,2,88,259,60,41,13,31,2,7,8,1,1,1,0,0,424
400649,8,21,75,5,2,7,82,0,72,26,15,2,1,53,0,8,1,2,0,1,1,0,110
400650,12,24,81,9,13,22,103,0,71,64,33,2,7,34,0,6,3,3,0,4,0,0,156
400652,4,4,8,2,0,2,10,0,5,8,1,0,0,3,0,0,0,0,0,0,0,0,12
400653,8,14,61,0,0,0,61,0,52,4,4,0,0,4,4,1,0,0,0,0,0,0,17
400654,6,9,23,2,4,6,29,0,22,14,4,0,1,6,1,0,0,0,0,2,0,0,28
400655,4,4,18,0,0,0,18,0,14,2,5,0,1,7,1,4,0,0,0,0,0,0,20
400656,15,15,38,1,2,3,41,0,24,11,6,0,0,15,1,4,1,0,0,0,0,0,38
400657,6,6,16,1,0,1,17,0,10,22,2,0,0,5,1,2,0,0,0,0,0,0,32
400658,7,11,34,6,0,6,40,0,30,96,18,20,5,8,3,4,0,0,0,0,0,0,154
400659,9,11,43,2,3,5,48,0,34,19,3,0,1,6,4,4,0,0,0,0,0,0,37
400660,7,11,6,0,2,2,8,0,5,27,3,0,1,3,0,4,0,0,0,0,0,0,38
400661,12,16,74,4,2,6,80,0,57,40,6,0,1,11,1,4,2,0,0,0,0,0,65
400662,7,9,34,1,0,1,35,0,26,11,3,2,0,8,0,2,0,0,0,1,0,0,27
400663,5,12,58,4,8,12,70,0,55,77,19,2,2,26,7,0,0,0,0,2,0,0,135
400664,8,10,32,1,1,2,34,0,19,9,11,0,4,25,0,3,0,0,0,0,0,0,52
400665,2,2,4,0,0,0,4,0,2,2,1,0,0,2,0,0,0,0,0,0,0,0,5
400666,4,17,55,4,4,8,63,0,45,86,14,5,7,16,1,0,0,2,0,0,0,0,131
400667,5,5,14,0,1,1,15,0,7,55,10,2,2,12,46,2,0,0,0,0,0,0,129
400668,4,6,16,0,1,1,17,0,11,5,2,0,1,4,0,2,0,0,0,0,0,0,14
400669,7,7,28,2,3,5,33,0,23,7,4,0,3,13,4,4,0,0,0,0,0,0,35
400670,8,14,70,6,1,7,77,0,53,21,15,1,0,14,0,8,0,0,0,0,0,0,59
400671,4,4,13,0,0,0,13,0,9,4,1,0,0,5,0,5,0,0,0,0,0,0,15
400682,3,7,77,3,7,10,87,1,77,7,7,0,0,6,2,0,0,0,0,0,0,0,22
400683,5,5,26,3,14,17,43,0,14,49,17,2,1,7,0,0,0,0,0,1,0,0,77
400684,8,14,49,8,18,26,75,0,42,144,33,8,15,34,0,10,0,0,0,0,0,0,244
400801,15,3,117,7,14,21,138,0,57,548,329,71,62,14,43,15,22,1,0,4,1,0,1110
400802,4,5,58,0,7,7,65,1,27,259,91,26,4,3,9,7,1,7,2,0,0,0,409
400803,2,0,3,0,3,3,6,0,1,32,51,5,0,3,2,0,4,0,0,0,0,0,97
400804,4,0,6,0,10,10,16,0,3,60,235,14,34,3,3,0,1,0,0,0,0,0,350
400805,4,14,114,1,8,9,123,2,79,468,92,12,4,1,27,0,1,1,0,0,0,0,606
400806,10,0,17,1,2,3,20,0,11,76,68,6,0,0,3,0,2,0,0,0,2,0,157
400807,5,0,10,0,0,0,10,0,4,46,16,1,0,1,7,0,1,0,0,0,0,0,72
400808,5,0,7,0,0,0,7,0,5,106,36,3,0,2,3,0,3,0,0,0,0,0,153
400809,4,0,4,1,0,1,5,0,4,32,43,3,0,0,5,0,0,0,0,0,0,0,83
400810,3,11,85,0,0,0,85,0,76,245,92,5,0,0,3,2,0,0,0,0,0,0,347
400811,16,0,23,0,0,0,23,0,16,122,74,12,0,3,10,0,0,1,0,0,0,0,222
400812,6,0,32,1,4,5,37,0,32,131,76,9,13,4,7,0,0,0,0,0,1,0,241
400813,3,0,3,0,0,0,3,0,3,15,4,0,0,0,1,0,0,0,0,0,0,0,20
400814,6,6,43,0,0,0,43,1,16,114,73,2,2,0,1,0,6,0,2,0,0,0,200
400815,14,7,66,3,0,3,69,0,63,241,62,7,0,0,7,7,2,0,2,0,0,0,328
400816,11,3,20,0,0,0,20,0,11,142,84,9,0,1,7,0,10,0,1,0,1,0,255
400817,16,18,154,2,1,3,157,1,45,441,292,17,8,9,23,3,1,1,1,0,2,0,798
400818,5,0,11,0,10,10,21,0,8,115,214,24,8,2,7,1,0,0,1,1,0,0,373
400819,11,0,27,2,16,18,45,0,9,140,179,17,11,4,19,4,0,1,1,2,0,0,378
400821,8,0,8,0,5,5,13,0,8,34,54,1,0,4,9,0,1,0,0,0,0,0,103
400822,12,0,19,2,1,3,22,0,18,97,88,5,2,1,10,1,7,0,0,0,0,0,211
400823,10,0,16,3,0,3,19,0,10,71,43,3,2,1,6,0,0,0,0,0,0,0,126
400824,4,0,4,0,2,2,6,0,3,47,30,0,0,0,2,0,0,0,0,0,0,0,79
400825,10,0,12,0,1,1,13,0,11,69,169,8,4,1,9,0,6,0,0,1,0,0,267
400826,13,0,21,3,0,3,24,0,15,104,92,5,0,1,3,1,0,0,2,0,0,0,208
400827,5,0,7,0,7,7,14,0,7,42,96,14,10,6,7,0,0,0,0,0,0,0,175
400828,13,0,17,2,6,8,25,0,13,72,414,18,114,20,17,1,0,0,1,13,0,0,670
400829,8,0,12,3,6,9,21,0,7,79,88,14,0,1,0,0,0,0,0,0,0,0,182
400830,14,0,13,8,6,14,27,0,13,84,80,18,0,3,8,0,1,4,0,0,1,0,199
400831,2,0,0,0,5,5,5,0,0,18,36,1,0,0,4,0,0,0,0,0,0,0,59
400832,6,1,8,4,0,4,12,0,6,40,27,2,0,1,1,17,2,0,0,0,0,0,90
400833,2,0,2,0,0,0,2,0,2,9,0,0,0,0,0,0,0,0,0,0,0,0,9
400834,10,0,11,0,0,0,11,0,9,47,40,2,1,0,0,0,5,0,0,0,0,0,95
400835,2,0,4,0,1,1,5,0,1,21,18,3,0,0,1,0,0,0,0,0,0,0,43
400836,10,0,16,0,3,3,19,0,0,78,53,5,2,3,7,0,2,0,1,0,0,0,151
401410,11,0,11,0,0,0,11,0,0,75,47,5,0,4,15,30,5,0,0,0,0,0,181
401412,1,0,1,0,0,0,1,0,0,1,0,0,0,1,0,0,0,0,0,0,0,0,2
401413,5,1,7,0,1,1,8,0,7,37,24,3,0,1,4,0,1,0,0,0,0,0,70
401415,13,0,15,1,1,2,17,0,14,82,81,4,0,1,8,0,1,0,0,0,0,0,177
401416,11,3,19,2,0,2,21,0,14,87,79,4,0,2,12,1,0,0,0,1,0,0,186
401417,10,0,10,0,0,0,10,0,10,35,16,0,0,0,3,0,0,0,0,0,0,0,54
400820,6,4,4,0,23,23,27,0,3,138,454,42,77,16,6,0,0,0,0,1,0,0,734
400837,7,0,6,0,3,3,9,0,0,90,32,9,2,1,3,0,0,0,0,0,0,0,137
400838,7,0,12,0,7,7,19,0,9,72,0,3,0,1,7,1,1,0,0,0,0,0,85
400839,17,0,27,1,4,5,32,0,15,199,74,19,2,10,4,0,13,1,0,0,1,0,323
400840,6,0,9,0,0,0,9,0,2,20,0,2,0,0,2,0,0,0,0,0,0,0,24
400841,7,0,14,0,1,1,15,0,4,87,49,20,8,3,0,0,10,2,0,0,11,0,190
400842,16,3,22,0,7,7,29,0,17,151,90,17,27,6,8,0,4,1,0,0,0,0,304
400843,12,0,22,3,2,5,27,0,5,223,31,7,0,7,3,0,5,0,0,2,0,0,278
400844,13,0,20,7,1,8,28,0,10,201,46,16,0,13,7,0,2,2,0,0,0,0,287
400845,14,0,21,0,1,1,22,0,11,199,73,18,8,7,1,0,6,0,0,1,0,0,313
400847,10,0,19,5,2,7,26,0,11,201,2,7,0,4,12,0,0,0,0,0,1,0,227
400848,4,0,12,0,7,7,19,0,10,98,40,3,0,5,4,0,0,1,2,0,0,0,153
400848,7,0,29,1,0,1,30,0,19,140,0,2,0,12,1,1,6,0,0,0,0,0,162
400849,11,0,12,0,13,13,25,0,2,125,100,21,7,11,6,0,5,6,4,10,0,0,295
400850,12,0,15,8,2,10,25,0,9,161,73,16,4,11,3,7,2,0,2,0,1,0,280
400851,8,0,16,3,2,5,21,0,2,214,61,27,15,18,9,0,10,1,0,0,1,0,356
400852,11,3,9,4,3,7,16,0,4,171,44,19,14,11,4,0,2,1,1,0,0,0,267
400853,17,0,36,16,2,18,54,0,2,381,7,11,2,7,4,0,8,0,0,0,1,0,421
400854,4,0,6,0,3,3,9,0,0,48,0,1,0,13,18,0,0,1,0,0,0,0,81
400855,6,3,14,1,4,5,19,0,1,122,49,20,9,4,3,0,0,0,0,0,1,0,208
400856,16,0,37,6,0,6,43,0,25,225,10,4,0,14,7,0,3,0,0,0,0,0,263
400868,23,0,36,4,10,14,50,0,30,351,88,19,0,19,6,0,6,1,4,0,1,0,495
400869,25,0,36,5,0,5,41,0,23,312,4,13,0,3,4,0,5,0,0,0,0,0,341
400870,17,0,21,5,0,5,26,0,15,269,20,3,0,13,1,0,4,0,0,0,1,0,311
400871,14,17,105,10,21,31,136,0,91,746,37,32,12,18,31,1,2,0,0,1,0,0,880
400872,4,10,85,0,8,8,93,0,85,533,13,13,0,5,23,2,0,0,0,0,0,0,589
400873,12,20,121,1,2,3,124,0,108,597,11,14,0,5,24,1,1,1,0,0,2,0,656
400874,9,17,119,2,9,11,130,0,67,552,162,32,20,12,38,0,0,0,0,0,6,0,822
400875,9,9,18,2,1,3,21,0,14,163,62,14,3,4,12,0,0,0,1,0,2,0,261
400876,8,10,25,1,0,1,26,0,23,105,7,7,0,4,6,0,1,0,0,0,1,0,131
400877,4,4,8,0,0,0,8,0,5,57,0,1,0,0,1,0,0,0,0,0,0,0,59
400878,13,23,120,15,26,41,161,1,113,974,68,27,2,7,26,3,2,0,2,0,1,0,1112
400879,4,4,5,4,5,9,14,0,4,94,65,10,0,2,6,0,0,0,0,0,0,0,177
400880,16,14,33,8,3,11,44,0,21,312,22,6,2,2,21,0,5,0,0,0,2,0,372
400881,11,14,18,6,13,19,37,0,15,273,80,25,15,2,20,0,2,1,0,0,0,0,418
400882,12,15,48,10,9,19,67,0,34,461,81,19,0,9,21,0,0,0,0,0,0,0,591
400883,12,17,31,6,4,10,41,0,19,299,33,12,0,3,30,0,2,0,0,1,0,0,380
400884,9,8,10,2,0,2,12,0,7,119,0,1,0,1,10,0,0,0,0,0,0,0,131
400885,2,2,3,1,0,1,4,0,1,23,0,1,0,0,3,0,0,0,0,0,0,0,27
400886,23,22,45,7,0,7,52,0,32,422,134,23,25,5,20,3,5,1,0,0,1,0,639
400887,12,13,36,5,1,6,42,0,29,201,0,8,1,2,14,5,2,0,0,0,0,0,233
400888,14,18,70,0,3,3,73,0,58,543,27,18,0,4,27,0,4,1,2,0,0,0,626
400889,12,16,36,3,0,3,39,0,30,291,9,7,0,3,22,1,6,0,0,0,0,0,339
400890,19,15,25,1,3,4,29,0,19,278,71,26,2,6,15,1,1,0,3,0,1,0,404
400891,14,13,100,20,15,35,135,0,78,705,274,46,28,13,41,7,6,3,1,0,0,0,1124
400901,2,5,32,6,4,10,42,1,27,223,92,17,22,12,17,0,6,0,0,0,1,0,390
400902,2,9,65,2,6,8,73,1,49,344,43,10,0,4,6,0,0,0,0,0,0,0,407
400903,7,5,145,4,0,4,149,0,145,627,53,39,0,17,23,3,12,4,1,0,7,1,786
400904,5,1,19,0,0,0,19,0,19,92,2,4,0,1,9,0,0,0,0,0,0,0,108
400905,4,5,51,2,0,2,53,1,47,296,26,7,0,4,13,0,13,0,2,0,1,0,362
400906,11,17,129,6,1,7,136,0,126,655,63,22,0,13,20,6,3,0,1,1,0,0,784
400907,6,4,27,0,1,1,28,0,26,120,110,10,6,7,1,1,0,0,0,0,0,0,255
400908,5,0,16,1,0,1,17,0,5,76,7,2,3,1,3,0,0,1,1,0,0,0,94
400909,11,18,149,7,0,7,156,0,113,852,92,33,4,13,11,0,14,3,1,0,2,0,1025
400910,12,11,81,6,1,7,88,0,71,448,65,12,0,12,8,1,2,0,0,0,3,0,551
400911,5,0,25,1,1,2,27,0,19,172,9,5,0,0,1,0,3,0,0,0,0,0,190
400912,3,1,22,0,0,0,22,0,9,92,15,0,0,5,3,1,1,0,0,0,0,0,117
400913,8,1,36,0,0,0,36,0,22,183,30,8,1,3,6,0,1,1,1,0,1,0,235
400914,10,9,71,4,2,6,77,0,64,466,62,16,0,12,20,10,5,0,1,0,0,0,592
400915,4,18,99,1,13,14,113,3,99,640,112,25,2,8,18,0,0,2,0,1,3,0,811
400916,10,4,31,5,0,5,36,0,29,192,108,22,4,5,3,0,0,1,0,0,1,0,336
400917,11,15,90,11,4,15,105,3,65,525,112,23,0,4,16,0,2,0,0,0,0,0,682
400918,3,6,35,2,0,2,37,0,35,196,28,10,0,3,4,0,0,0,0,0,0,0,241
400919,8,13,75,3,4,7,82,1,59,419,169,19,13,9,4,1,2,1,0,0,0,0,637
400924,8,13,78,6,0,6,84,0,44,269,27,10,0,12,10,1,0,0,0,0,0,0,329
400925,7,12,92,2,1,3,95,0,37,413,49,6,0,5,6,0,0,0,0,0,0,0,479
400926,22,44,315,18,9,27,342,5,190,1717,180,36,5,32,23,9,6,2,0,0,0,0,2010
400927,25,49,329,18,11,29,358,4,246,2062,268,74,41,28,44,13,3,0,2,3,3,0,2541
401002,3,0,6,2,4,6,12,0,8,38,72,3,1,5,10,4,0,0,0,0,0,0,133
401003,4,16,78,2,15,17,95,0,60,473,132,44,45,20,6,0,0,0,1,0,2,0,723
401004,4,4,18,4,1,5,23,0,16,134,80,18,0,6,10,0,0,0,0,0,0,0,248
401005,4,8,24,2,8,10,34,0,25,162,31,12,7,5,9,3,2,2,1,0,0,0,234
401006,5,9,57,6,5,11,68,1,36,326,36,16,0,5,10,0,0,0,0,0,0,0,393
401007,2,2,7,2,0,2,9,0,7,49,2,4,0,1,6,0,4,0,0,0,0,0,66
401008,3,6,52,2,11,13,65,1,52,299,65,10,2,2,3,0,0,0,0,0,0,0,381
401009,3,4,37,1,6,7,44,0,31,197,65,7,0,8,7,0,9,0,3,0,0,0,296
401011,6,0,14,1,3,4,18,0,12,94,18,4,1,3,4,0,6,0,0,0,0,0,130
401012,7,14,146,7,18,25,171,2,128,894,219,43,17,17,14,0,4,2,0,1,1,0,1212
401013,4,0,28,1,0,1,29,0,14,166,0,7,0,0,8,0,0,0,0,1,0,0,182
401014,2,0,17,0,1,1,18,0,9,91,2,2,0,0,3,0,0,0,0,0,0,0,98
401015,3,4,30,1,0,1,31,0,30,169,0,1,0,0,4,0,0,1,0,0,0,0,175
401016,8,5,54,3,0,3,57,0,45,288,0,11,0,1,14,0,1,0,0,0,0,0,315
401017,5,0,35,2,12,14,49,0,21,342,23,33,9,1,17,0,0,0,0,0,0,0,425
401018,4,0,15,0,1,1,16,0,7,82,0,0,0,3,5,0,0,0,0,0,0,0,90
401019,5,9,72,2,13,15,87,1,57,507,2,12,5,1,28,4,2,1,0,2,0,0,564
401020,9,3,27,3,4,7,34,0,20,221,0,9,0,1,9,1,0,0,1,0,2,0,244
401021,8,20,94,7,2,9,103,0,90,569,0,17,0,2,32,2,0,0,0,1,0,0,623
401022,6,5,24,0,0,0,24,0,15,163,0,1,0,1,9,0,2,0,0,0,0,0,176
401023,3,8,46,1,0,1,47,0,46,236,0,0,0,0,8,0,4,0,0,0,2,0,250
401024,5,0,13,4,1,5,18,0,5,155,7,30,7,1,13,1,0,0,3,0,1,0,218
401025,7,0,18,4,4,8,26,0,10,172,4,5,0,0,9,0,0,0,1,0,0,0,191
401026,5,8,70,4,0,4,74,0,48,354,0,5,0,1,8,0,8,0,0,0,0,0,376
401027,5,0,16,0,1,1,17,0,12,109,0,4,0,0,12,0,2,0,0,0,0,0,127
401028,6,5,52,4,2,6,58,0,46,340,2,17,0,7,14,0,0,0,0,0,0,0,380
401029,5,9,47,2,0,2,49,0,44,246,0,4,0,3,4,0,0,0,1,0,0,0,258
401030,2,5,33,2,3,5,38,0,33,199,0,7,0,0,2,0,0,0,0,0,0,0,208
401031,5,5,72,4,5,9,81,0,42,470,5,19,3,3,19,0,4,1,0,0,0,0,524
401032,7,8,71,5,3,8,79,0,48,410,0,8,0,2,18,0,5,0,0,0,0,0,443
401033,7,21,158,9,8,17,175,0,131,927,0,28,0,3,25,5,1,0,2,0,3,0,994
401034,10,5,68,4,0,4,72,0,24,336,0,8,0,0,16,0,0,1,0,0,0,0,361
401035,12,33,261,14,3,17,278,4,194,1387,4,33,4,6,44,3,4,1,0,1,5,0,1492
401036,3,17,114,5,11,16,130,3,65,691,7,38,0,9,43,23,2,0,0,4,1,0,818
401037,7,14,89,4,5,9,98,2,76,458,0,11,0,3,13,0,0,0,0,0,0,0,485
401038,4,12,66,6,5,11,77,2,62,515,89,36,5,3,16,0,1,0,0,2,2,0,669
401039,6,30,187,11,22,33,220,5,154,1084,4,26,2,12,39,4,1,1,1,1,1,0,1176
401040,3,31,121,13,6,19,140,3,105,1114,9,42,0,8,35,1,6,0,2,0,0,0,1217
401041,3,22,82,4,9,13,95,3,69,715,27,45,15,18,35,22,2,13,2,1,1,0,896
400920,5,12,69,2,8,10,79,1,0,611,33,26,0,4,26,1,1,1,1,0,6,0,710
400921,7,46,246,4,10,14,260,6,0,1725,40,75,17,10,54,0,6,4,0,1,1,0,1933
400922,6,26,135,6,9,15,150,3,0,990,0,65,2,7,35,0,2,2,2,0,0,0,1105
400928,1,0,0,0,1,1,1,0,0,49,28,12,0,1,8,1,1,0,0,0,0,0,100
400929,1,0,0,0,3,3,3,1,0,37,305,16,314,6,24,1,0,0,0,0,0,0,703
400931,1,0,0,0,2,2,2,0,0,15,0,1,0,0,0,0,0,0,0,0,0,0,16
400933,3,12,81,0,2,2,83,0,0,586,0,21,0,5,30,1,7,0,0,0,1,0,651
400934,3,12,54,0,0,0,54,0,0,434,0,14,0,3,20,0,3,3,0,0,0,0,477
400935,3,21,96,7,0,7,103,3,0,795,0,18,0,3,35,15,10,2,0,1,2,0,881
400936,1,7,32,2,0,2,34,1,0,240,0,10,0,1,7,0,7,0,0,0,0,0,265
400937,1,7,32,0,0,0,32,1,0,232,0,8,0,0,3,0,4,0,0,0,0,0,247
400938,1,7,32,2,0,2,34,1,0,229,0,7,0,1,18,0,3,0,0,0,1,0,259
400940,2,16,80,2,0,2,82,2,0,584,0,21,0,2,11,11,9,0,0,0,1,0,639
400941,2,16,72,0,2,2,74,2,0,545,0,12,0,3,13,0,18,0,0,0,1,0,592
400943,2,10,40,1,0,1,41,0,0,305,0,20,0,3,20,0,1,1,0,0,1,0,351
400944,2,10,40,1,2,3,43,0,0,272,0,6,0,0,10,1,4,0,0,0,2,0,295
401042,3,0,1,0,2,2,3,0,0,137,0,9,0,1,4,1,1,0,0,2,0,0,155
401043,3,30,120,0,1,1,121,3,0,870,0,31,2,4,36,1,8,3,0,1,1,0,957
401044,2,20,80,3,2,5,85,2,0,517,0,10,0,4,21,4,4,2,0,0,1,0,563
401045,2,20,80,3,0,3,83,2,0,768,0,32,0,6,31,4,11,3,0,1,0,0,856
400945,3,21,72,3,4,7,79,3,71,457,0,20,2,2,17,1,5,1,0,0,0,0,505
400946,3,21,66,2,7,9,75,3,65,468,0,9,0,2,21,0,5,1,0,1,0,0,507
400947,1,1,0,0,2,2,2,0,0,14,3,3,2,3,9,0,0,0,0,0,0,0,34
400948,1,0,0,0,0,0,0,0,0,1,0,0,0,0,1,0,0,0,0,0,0,0,2
400949,1,1,0,0,3,3,3,0,0,76,0,3,0,5,4,0,0,0,0,0,0,0,88
400950,3,30,120,3,3,6,126,3,120,965,0,40,6,7,29,1,25,2,0,0,2,0,1077
400951,3,30,160,3,10,13,173,3,147,1050,0,38,15,3,40,4,12,0,1,0,1,0,1164
400952,2,6,0,0,25,25,25,0,0,168,197,28,27,8,31,0,0,0,0,0,7,0,466
400953,1,18,128,4,9,13,141,1,123,862,0,12,5,8,20,1,8,2,1,0,2,0,921
400954,2,10,0,0,11,11,11,0,0,77,80,20,13,7,16,1,0,0,0,2,0,0,216
400955,1,2,0,0,10,10,10,0,0,92,180,22,13,9,6,0,0,0,0,0,0,0,322
400956,1,18,128,4,6,10,138,1,120,872,2,33,0,15,29,5,13,2,0,0,2,0,973
401046,1,5,0,0,1,1,1,0,0,1,0,0,0,0,0,0,0,0,0,0,0,0,1
401047,1,7,0,0,8,8,8,0,0,64,52,12,4,0,9,0,0,1,0,0,0,0,142
401048,5,35,109,11,12,23,132,5,62,1268,146,67,42,23,61,2,9,7,2,1,1,0,1629
401049,2,14,57,3,5,8,65,2,58,492,0,25,0,6,21,14,9,2,1,1,2,0,573
401050,3,21,84,6,9,15,99,3,87,694,5,26,2,5,32,1,3,1,1,0,3,0,773
401051,2,14,56,4,7,11,67,2,56,505,0,16,4,5,19,1,9,2,0,0,3,0,564
401052,3,21,86,1,6,7,93,3,86,770,15,30,9,4,18,0,17,11,2,1,1,0,878
401053,1,0,0,0,10,10,10,0,0,99,54,12,11,3,1,0,0,0,0,0,0,0,180
401054,2,10,34,2,6,8,42,1,34,390,6,21,2,8,20,0,0,1,1,1,0,0,450
401055,2,20,76,0,4,4,80,2,75,527,0,23,2,8,12,1,9,0,0,0,1,0,583
401056,3,20,80,5,5,10,90,2,80,674,22,36,6,9,35,0,15,0,0,0,1,0,798
401301,3,24,96,3,8,11,107,3,0,654,0,11,0,1,34,0,10,0,1,0,0,0,711
401302,3,24,92,5,5,10,102,3,0,748,0,38,0,12,29,0,10,2,0,0,2,0,841
401303,7,70,294,7,4,11,305,7,0,1946,0,78,0,15,96,1,26,4,7,0,8,0,2181
401304,2,22,94,3,1,4,98,2,0,672,0,28,0,3,46,1,3,0,0,0,0,0,753
401305,5,25,85,5,8,13,98,0,0,655,0,31,0,4,29,1,1,1,0,0,1,0,723
401307,4,28,128,3,3,6,134,4,0,803,0,30,0,4,28,5,7,1,0,0,2,0,880
401308,1,0,0,0,1,1,1,0,0,104,0,23,0,2,3,0,0,0,0,0,0,0,132
401309,3,14,85,2,0,2,87,0,0,448,0,16,0,7,15,2,3,0,1,1,0,0,493
401311,1,0,0,0,0,0,0,0,0,120,0,5,0,1,9,0,1,0,0,0,0,0,136
401312,2,18,128,7,13,20,148,1,0,1051,413,100,41,26,104,4,3,2,1,36,4,0,1785
401313,2,16,64,3,5,8,72,2,0,390,0,15,0,5,12,0,5,0,0,0,0,0,427
401314,3,22,102,6,3,9,111,3,0,525,0,50,4,2,15,0,0,0,1,0,1,0,598
401315,1,11,47,1,0,1,48,1,0,255,0,12,0,4,8,0,4,1,0,0,0,0,284
401316,1,11,47,2,1,3,50,1,0,326,0,14,0,2,18,3,0,0,1,2,2,0,368
401317,1,11,47,2,1,3,50,1,0,303,0,10,1,3,5,1,2,0,0,0,0,0,325
401318,1,0,0,0,5,5,5,0,0,77,0,19,0,7,12,0,0,0,0,0,0,0,115
401501,1,0,0,10,16,26,26,0,0,132,0,40,0,1,11,0,0,0,2,0,1,0,187
401502,1,0,0,0,9,9,9,0,0,10,0,0,0,0,0,0,0,0,0,0,0,0,10
401503,1,0,2,0,0,0,2,0,0,128,328,36,41,9,48,1,0,0,2,4,0,0,597
401319,5,20,60,3,0,3,63,0,58,390,7,8,0,1,15,2,6,2,0,0,0,0,431
401320,3,18,78,3,0,3,81,0,71,387,4,11,0,1,16,0,4,2,0,0,1,0,426
401321,3,18,78,2,0,2,80,0,66,441,14,21,0,7,13,9,3,0,0,0,0,0,508
401322,1,0,0,0,0,0,0,0,0,4,0,0,0,0,0,0,3,0,0,0,0,0,7
401323,3,15,63,1,0,1,64,0,48,411,9,8,0,5,11,0,8,1,0,0,2,0,455
401324,3,15,63,3,0,3,66,0,53,382,11,11,0,0,10,2,1,2,0,0,1,0,420
401325,3,15,63,6,0,6,69,0,60,353,12,14,0,5,25,0,1,0,1,0,0,0,411
401326,2,11,51,4,0,4,55,0,39,335,22,11,0,4,9,2,5,1,0,0,1,0,390
401331,3,15,54,1,1,2,56,0,49,331,5,8,0,0,7,0,5,0,0,0,0,0,356
401332,1,12,47,2,0,2,49,1,40,303,20,7,0,1,9,0,1,0,0,0,1,0,342
401333,1,12,47,4,0,4,51,1,39,306,12,3,0,2,7,1,3,0,0,0,1,0,335
401334,1,12,47,0,0,0,47,1,41,270,10,8,0,0,7,14,3,0,1,0,2,0,315
401335,4,28,77,2,12,14,91,4,66,559,35,25,0,4,14,8,6,1,0,0,0,0,652
401336,5,42,118,2,8,10,128,5,110,832,41,30,0,11,24,4,2,1,2,0,5,0,952
401337,4,28,75,6,3,9,84,4,69,503,24,18,0,1,15,3,4,0,1,0,1,0,570
401338,6,42,117,3,3,6,123,6,97,805,63,37,0,9,23,1,16,1,0,0,2,0,957
401339,1,13,77,6,2,8,85,1,76,587,35,22,0,2,5,4,7,3,0,0,5,0,670
401340,3,18,78,3,1,4,82,0,66,512,28,11,0,4,8,0,4,0,1,0,0,0,568
401341,5,25,70,3,0,3,73,0,67,436,8,16,0,3,6,0,8,0,1,0,1,0,479
401342,2,14,98,5,0,5,103,2,79,592,32,23,0,6,17,0,17,0,0,1,3,0,691
401343,2,18,103,8,0,8,111,2,84,672,38,25,0,5,17,1,13,0,0,0,0,0,771
401377,8,2,9,2,5,7,16,0,8,96,20,12,0,0,10,0,2,0,0,0,1,0,141
401378,7,0,12,2,1,3,15,0,8,77,10,6,0,2,3,0,0,0,0,0,0,0,98
401327,13,0,17,7,0,7,24,0,15,123,201,19,32,2,8,0,7,1,0,0,1,0,394
401328,13,2,24,1,0,1,25,0,24,133,6,5,0,0,11,0,2,0,0,0,0,0,157
401329,13,0,18,0,0,0,18,0,18,121,7,1,0,2,5,0,6,1,0,0,0,0,143
401330,10,3,29,4,1,5,34,0,29,228,14,15,2,5,14,0,3,0,1,0,0,0,282
401350,13,4,25,3,0,3,28,0,20,182,6,13,0,3,4,1,1,0,1,0,2,0,213
401351,14,0,20,0,0,0,20,0,20,153,24,7,0,2,4,1,2,0,0,0,0,0,193
401352,10,0,13,1,0,1,14,0,13,100,13,2,0,1,11,0,0,0,0,0,0,0,127
401354,5,12,79,2,2,4,83,2,9,250,31,6,0,2,15,0,0,0,0,5,2,0,311
401354,8,4,17,0,0,0,17,0,17,114,10,4,0,1,0,0,1,2,0,0,0,0,132
401355,5,17,91,1,9,10,101,1,91,589,21,13,6,2,15,17,0,1,0,0,0,0,664
401363,8,0,9,2,1,3,12,0,9,87,4,2,0,1,5,1,5,0,0,0,0,0,105
401364,8,12,81,3,0,3,84,0,81,378,10,10,0,4,6,0,0,1,0,0,0,0,409
401365,3,0,3,0,2,2,5,0,4,48,4,3,0,0,6,3,0,0,0,0,0,0,64
401366,8,0,11,2,0,2,13,0,12,78,2,1,0,0,2,0,1,0,0,0,0,0,84
401368,4,16,60,1,0,1,61,0,60,414,2,9,0,0,13,5,2,0,0,0,0,0,445
401369,3,15,78,2,0,2,80,0,78,445,3,8,0,1,17,0,8,0,0,0,0,0,482
401370,3,15,81,3,0,3,84,0,81,473,5,17,0,4,11,1,11,0,0,0,0,0,522
401371,4,20,80,3,0,3,83,0,80,473,5,26,2,1,12,3,6,3,8,0,0,0,539
401372,3,15,75,2,2,4,79,0,75,405,8,9,2,2,9,5,3,0,0,0,1,0,444
401373,4,8,60,3,2,5,65,0,60,373,0,21,2,8,9,4,0,0,0,0,0,0,417
401374,3,15,81,3,0,3,84,0,81,466,2,16,0,4,20,0,9,0,1,0,0,0,518
401375,2,0,6,0,2,2,8,0,8,42,2,0,0,0,2,0,0,0,0,0,0,0,46
401376,2,10,84,4,2,6,90,2,84,597,30,27,2,5,31,8,9,0,0,0,0,0,709
401507,9,17,117,4,1,5,122,0,89,509,35,18,4,4,27,13,0,0,1,1,0,0,612
401508,7,24,145,10,2,12,157,0,88,726,2,18,2,2,21,1,4,0,0,0,0,0,776
401509,3,15,104,2,9,11,115,3,41,723,23,16,0,2,17,0,2,0,0,0,0,0,783
401101,6,12,44,4,31,35,79,0,30,407,95,58,8,4,52,3,8,0,0,0,1,0,636
401102,6,2,32,0,10,10,42,0,29,283,27,9,0,2,10,0,3,0,0,0,1,0,335
401103,5,0,28,9,4,13,41,0,24,268,12,16,4,8,19,0,3,0,0,1,0,0,331
401105,7,10,118,12,23,35,153,0,109,956,52,33,10,7,154,0,1,1,1,0,1,1,1216
401108,6,0,26,4,8,12,38,0,22,277,57,25,19,17,26,0,1,0,1,0,0,0,423
401109,1,0,12,0,0,0,12,0,1,76,0,0,0,0,2,1,0,0,0,0,0,0,79
401110,6,0,9,2,0,2,11,0,4,78,4,2,0,2,4,0,0,0,2,0,1,0,93
401111,8,0,10,4,0,4,14,0,10,125,32,4,0,2,7,0,1,0,0,0,1,0,172
401112,15,0,22,1,0,1,23,0,17,102,78,2,0,0,7,3,3,0,0,0,0,0,195
401113,5,0,5,0,0,0,5,0,4,51,22,5,2,0,4,2,0,0,0,0,0,0,86
401114,6,0,5,3,2,5,10,0,5,57,58,15,9,4,9,0,0,0,0,0,0,0,152
401115,5,0,2,0,0,0,2,0,1,15,17,0,3,1,2,0,0,0,0,0,0,0,38
401116,6,0,9,2,0,2,11,0,9,62,34,2,0,0,7,0,4,0,0,0,1,0,110
401117,7,0,15,0,0,0,15,0,10,58,59,3,0,0,5,0,1,0,0,0,0,0,126
401118,4,0,14,1,0,1,15,0,5,109,11,9,0,0,4,0,0,0,1,0,0,0,134
401119,5,0,9,1,1,2,11,0,8,65,35,3,2,1,4,0,3,0,0,0,0,0,113
401120,4,0,5,1,0,1,6,0,5,35,33,2,0,0,0,0,0,0,0,0,0,0,70
401121,4,0,4,0,0,0,4,0,4,25,23,0,0,1,5,2,1,0,0,0,0,0,57
401122,6,0,7,1,1,2,9,0,6,42,38,3,0,1,0,2,2,0,0,0,0,0,88
401123,6,0,8,2,0,2,10,0,8,51,59,3,0,2,8,0,2,0,0,0,0,0,125
401124,5,0,6,0,0,0,6,0,6,42,13,1,0,0,0,0,0,0,0,0,0,0,56
401125,4,0,29,1,1,2,31,0,6,146,61,3,0,1,10,0,3,0,0,0,1,0,225
401126,4,0,14,87,5,92,106,0,46,414,130,9,0,1,31,1,2,1,0,0,1,0,590
401127,6,12,86,2,0,2,88,0,73,448,144,11,0,3,11,53,4,0,0,0,1,0,675
401128,7,12,53,1,0,1,54,0,48,417,91,9,10,1,14,0,4,1,1,0,1,0,549
401129,8,0,6,1,1,2,8,0,2,60,47,7,8,2,13,0,0,0,0,0,0,0,137
401130,11,0,16,2,0,2,18,0,15,191,76,29,33,6,9,0,11,0,0,1,2,0,358
401131,5,0,6,2,0,2,8,0,5,48,21,0,0,0,12,0,1,0,0,0,2,0,84
401132,6,0,7,1,4,5,12,0,4,43,69,1,0,0,1,0,0,0,0,0,0,0,114
401135,4,3,1,0,0,0,1,3,0,36,19,0,0,1,2,0,3,0,0,0,1,0,62
401136,1,0,0,0,1,1,1,0,0,0,0,0,0,0,0,0,0,0,0,0,0,0,0
401137,1,0,0,0,1,1,1,0,0,28,79,8,3,2,6,0,0,0,0,0,0,0,126
401138,3,0,12,1,0,1,13,0,2,67,2,9,13,0,3,0,0,4,0,1,1,0,100
401139,7,0,11,3,0,3,14,0,7,132,35,9,0,1,9,0,0,2,0,0,0,0,188
401140,11,16,163,6,4,10,173,0,67,863,51,33,2,8,38,10,3,0,0,1,1,0,1010
401141,13,10,84,6,2,8,92,0,45,551,56,23,9,6,13,2,2,0,0,0,2,0,664
400462,5,4,9,9,38,47,56,0,9,319,37,34,0,8,22,2,2,0,0,0,8,0,432
400463,1,1,0,0,21,21,21,0,0,96,11,13,2,0,23,1,0,0,1,0,0,0,147
400464,1,2,8,7,0,7,15,0,8,99,38,3,2,0,6,0,0,0,0,0,0,0,148
400465,1,0,0,0,18,18,18,0,0,32,2,1,0,1,5,0,0,0,0,0,0,0,41
400466,3,8,56,32,15,47,103,0,56,634,27,29,0,6,38,1,7,0,0,0,0,0,742
400467,6,12,34,4,89,93,127,0,29,649,269,114,33,7,119,0,10,0,5,0,4,0,1210
400468,1,0,0,0,0,0,0,0,0,0,0,0,0,0,0,0,0,0,0,0,0,0,0
400469,6,9,27,14,18,32,59,0,27,448,118,51,26,27,27,1,0,1,1,0,1,0,701
400471,1,0,0,0,62,62,62,0,0,336,291,43,25,16,24,0,0,1,0,0,1,0,737
400472,6,13,57,17,17,34,91,0,49,583,61,46,8,10,36,0,4,0,0,0,0,0,748
400473,6,0,20,22,21,43,63,0,12,578,63,54,11,8,45,0,2,0,0,0,0,0,761
400474,5,11,23,14,8,22,45,0,23,226,7,19,0,2,10,7,0,5,0,0,0,0,276
400475,5,7,15,13,12,25,40,0,7,387,95,31,59,15,29,1,2,0,3,0,6,0,628
400476,9,7,17,0,0,0,17,0,11,233,14,16,4,3,27,0,1,0,2,0,3,0,303
400477,7,23,28,0,0,0,28,0,15,348,14,17,0,0,46,0,0,1,0,0,0,0,426
400478,3,7,19,11,2,13,32,0,6,307,149,46,22,8,45,0,0,0,38,0,2,0,617
400479,5,0,2,3,2,5,7,0,0,108,14,9,13,2,12,0,0,0,0,0,0,0,158
400480,8,4,48,11,7,18,66,0,40,482,55,36,2,6,55,6,0,0,1,0,1,0,644
400481,5,0,67,12,2,14,81,0,63,154,2,7,2,3,10,6,0,0,0,0,0,0,184
400482,7,0,42,10,20,30,72,0,29,457,23,16,0,3,27,2,14,1,1,0,1,0,545
400483,2,0,1,2,1,3,4,0,0,56,8,5,0,4,2,0,0,1,0,0,1,0,77
401142,6,4,34,1,0,1,35,1,24,137,91,9,3,1,6,0,8,0,0,0,0,0,255
401143,8,0,11,1,0,1,12,0,0,71,74,4,0,1,3,0,0,0,0,0,2,0,155
401144,5,20,162,0,18,18,180,5,116,559,379,26,6,11,36,6,2,1,2,0,0,0,1028
401145,6,13,92,0,3,3,95,3,89,260,207,10,0,2,9,0,0,0,0,0,1,0,489
401146,7,16,93,1,11,12,105,4,53,354,282,10,4,6,12,1,1,0,1,1,0,0,672
401147,5,8,83,3,1,4,87,0,34,266,222,9,9,3,16,1,5,2,0,0,0,0,533
401148,6,11,39,1,0,1,40,0,37,180,128,16,4,3,6,0,0,1,0,0,1,0,339
401149,5,4,6,1,0,1,7,0,6,42,50,4,0,0,3,0,0,0,0,0,0,0,99
401150,6,6,24,1,0,1,25,0,22,108,111,4,0,1,4,0,0,1,1,0,0,0,230
401151,4,0,6,0,0,0,6,0,4,23,39,1,0,0,2,0,0,0,0,0,0,0,65
401152,7,4,34,1,22,23,57,0,31,121,315,16,38,4,16,0,0,0,0,5,0,0,515
401153,8,8,39,0,1,1,40,0,36,179,164,14,4,3,6,0,2,0,0,0,0,0,372
401154,11,14,104,4,0,4,108,2,11,292,308,22,4,5,19,1,2,1,0,0,1,0,655
401155,5,10,76,4,6,10,86,2,66,368,321,25,28,8,27,1,1,2,1,2,1,0,785
401156,5,25,156,6,21,27,183,4,43,439,240,22,2,4,22,6,1,0,0,0,0,0,736
401157,3,10,104,1,5,6,110,2,25,250,108,7,0,2,13,14,4,0,0,0,0,0,398
401158,6,29,216,10,31,41,257,5,184,975,513,51,6,7,74,13,1,1,0,0,0,0,1641
401159,3,0,5,1,4,5,10,0,4,59,60,13,0,2,17,0,2,0,0,0,0,0,153
401160,1,4,35,1,7,8,43,1,12,148,20,1,0,1,6,14,0,0,0,0,0,0,190
401161,1,5,42,2,4,6,48,1,11,162,16,3,0,0,3,1,1,0,0,0,0,0,186
401162,3,15,89,5,11,16,105,3,62,380,43,13,2,3,11,0,3,6,0,0,0,0,461
401163,4,26,242,13,63,76,318,4,153,1433,181,49,8,9,42,12,2,1,1,0,3,0,1741
401164,3,21,206,24,29,53,259,3,129,1186,330,45,45,15,50,7,3,1,0,7,5,0,1694
401201,3,0,95,0,13,13,108,1,0,213,263,31,56,47,16,0,0,0,0,0,0,0,626
401202,1,0,0,0,2,2,2,0,0,0,0,0,0,0,1,0,0,1,0,0,0,0,2
401203,3,19,62,11,6,17,79,3,59,459,528,54,56,18,27,0,4,1,4,1,12,0,1164
401204,2,16,61,6,10,16,77,2,59,503,84,27,33,5,16,6,7,0,1,0,1,0,683
401205,4,11,32,4,22,26,58,1,31,438,296,34,34,10,23,0,0,1,0,1,1,0,838
401206,2,16,73,14,5,19,92,2,72,616,139,47,17,17,12,0,0,0,0,0,3,0,851
401207,2,16,73,2,7,9,82,2,73,567,64,24,0,2,31,1,10,1,1,0,1,0,702
401208,2,8,0,47,15,62,62,1,1,117,625,61,80,22,48,6,1,1,0,8,0,0,969
401209,1,4,0,5,10,15,15,1,0,50,728,23,193,20,71,1,0,5,0,11,1,0,1103
401210,2,17,66,1,5,6,72,2,66,420,134,9,4,7,21,2,10,1,0,0,1,0,609
401211,2,20,76,2,5,7,83,2,76,667,149,23,17,4,23,11,2,1,0,1,4,0,902
401212,1,16,108,0,4,4,112,1,108,664,286,31,2,6,34,155,15,9,0,2,2,0,1206
401214,3,38,152,11,6,17,169,3,154,1087,212,48,9,20,35,7,9,2,0,0,5,0,1434
401215,2,22,105,6,3,9,114,2,105,816,173,46,0,12,29,2,5,5,1,0,0,0,1089
401216,2,22,104,5,3,8,112,2,104,772,322,33,4,8,16,4,12,5,2,0,0,0,1178
401219,1,1,1,0,0,0,1,0,1,4,0,0,0,0,1,0,2,0,1,0,0,0,8
401221,3,21,92,3,11,14,106,3,93,674,128,28,4,3,44,5,2,0,0,0,1,0,889
401222,3,14,66,5,18,23,89,3,68,507,213,37,24,9,69,2,3,2,0,0,2,0,868
401223,1,3,0,29,10,39,39,1,10,114,594,58,95,20,83,2,0,13,0,0,2,0,981
400563,1,0,0,0,2,2,2,0,2,16,14,3,2,1,6,0,0,0,0,0,0,0,42
400564,3,13,86,7,10,17,103,3,86,512,102,21,4,4,24,3,2,0,0,0,0,0,672
400565,4,15,107,1,7,8,115,3,107,505,92,27,0,3,25,16,0,0,2,1,1,0,672
400628,3,17,71,2,4,6,77,2,71,593,49,27,4,2,17,5,4,3,0,0,1,0,705
400629,5,3,34,3,2,5,39,1,23,288,78,23,8,15,17,0,1,0,0,0,0,0,430
400630,1,0,2,0,0,0,2,0,2,13,0,0,0,0,0,0,0,0,0,0,0,0,13
400631,2,8,43,2,12,14,57,1,40,369,55,25,6,16,16,2,1,1,0,0,2,0,493
400672,7,0,18,4,0,4,22,0,18,155,6,6,0,3,5,0,0,0,0,0,0,0,175
400673,5,10,55,3,1,4,59,0,53,504,16,4,0,3,12,0,10,1,3,0,0,0,553
400674,5,8,30,2,0,2,32,0,30,332,16,4,0,2,10,0,2,0,0,0,0,0,366
400675,7,8,38,1,0,1,39,2,38,379,21,11,0,5,21,0,2,0,2,0,0,0,441
400676,2,0,2,0,1,1,3,0,2,37,0,1,0,0,1,0,0,0,0,0,0,0,39
400677,4,2,12,1,1,2,14,0,12,139,0,4,0,0,9,0,0,0,0,0,0,0,152
400678,4,3,30,0,5,5,35,0,30,111,12,6,0,1,15,0,2,0,0,0,1,0,148
400679,5,1,8,0,1,1,9,0,7,55,11,2,0,0,7,0,0,0,0,0,3,0,78
400680,8,0,32,7,4,11,43,0,28,345,44,11,1,4,24,0,1,1,1,0,1,0,433
400681,6,0,22,0,2,2,24,0,23,180,6,7,0,0,15,0,0,2,0,0,0,0,210
400685,10,8,132,2,7,9,141,1,119,826,80,20,0,3,20,1,3,1,0,1,4,0,959
400686,6,19,125,3,15,18,143,5,124,1039,105,31,0,7,36,7,7,4,2,1,0,0,1239
400687,8,0,16,0,4,4,20,0,16,289,8,7,0,3,11,0,0,1,0,0,0,0,319
400688,1,0,4,0,2,2,6,0,4,52,2,0,0,0,2,0,0,0,0,0,1,0,57
400689,4,3,29,3,7,10,39,0,29,241,68,7,2,2,18,0,0,0,0,0,0,0,338
400690,7,10,68,1,7,8,76,1,68,476,48,20,5,4,20,0,4,1,0,0,0,0,578
400691,2,9,31,0,5,5,36,0,31,223,8,10,0,5,6,0,0,0,0,0,0,0,252
400693,4,12,81,0,7,7,88,0,81,567,39,7,0,2,18,0,1,0,0,0,0,0,634
400701,2,0,0,0,7,7,7,0,0,90,74,31,14,22,40,0,0,0,0,0,1,0,272
400702,4,5,38,0,7,7,45,0,38,270,32,7,0,2,20,0,0,0,0,0,2,0,333
400703,3,4,21,2,8,10,31,1,21,264,65,42,18,11,19,1,1,0,0,0,1,0,422
400704,4,3,18,2,3,5,23,0,18,159,24,9,0,3,7,1,2,0,0,0,0,0,205
400710,6,4,33,2,9,11,44,0,33,298,113,8,8,2,17,0,0,0,0,3,1,0,450
400711,3,8,44,3,7,10,54,1,44,358,60,4,0,4,15,1,0,1,0,0,1,0,444
400712,7,15,154,4,4,8,162,3,154,1195,83,24,1,4,34,3,0,1,2,4,0,0,1351
400713,3,0,10,0,1,1,11,0,10,75,2,2,2,1,2,0,3,0,0,0,0,0,87
400714,4,2,16,0,2,2,18,0,16,84,15,3,0,1,8,12,2,0,0,0,0,0,125
400722,2,0,2,0,0,0,2,0,2,21,4,1,0,1,5,1,0,0,0,0,0,0,33
400723,5,0,21,0,1,1,22,0,21,100,14,3,0,0,7,1,4,0,0,0,0,0,129
400724,2,6,41,1,7,8,49,0,41,244,82,25,4,6,2,0,0,1,0,0,1,0,365
400725,3,6,30,1,8,9,39,0,38,175,88,34,7,9,23,1,0,0,5,3,1,0,346
400726,1,0,0,0,6,6,6,0,6,29,208,41,57,24,4,0,0,0,0,0,0,0,363
400727,3,3,23,0,0,0,23,0,23,113,14,4,0,0,1,0,0,0,0,1,0,0,133
400728,5,0,6,0,4,4,10,0,10,102,56,23,18,5,28,0,1,0,0,2,1,0,236
401165,4,15,112,18,9,27,139,3,128,689,115,74,25,14,27,2,0,5,0,0,3,0,954
401166,2,6,33,2,3,5,38,1,33,246,0,5,0,1,9,0,0,0,0,0,0,0,261
401167,1,6,28,0,3,3,31,1,28,5,0,0,0,0,9,0,0,0,0,0,0,0,14
401168,1,6,48,3,3,6,54,1,48,275,7,4,0,2,20,0,0,0,0,0,0,0,308
401169,4,24,136,1,16,17,153,4,136,807,22,38,4,10,34,1,5,0,1,0,2,0,924
401170,8,30,143,5,16,21,164,3,143,1011,69,50,11,15,28,6,1,0,1,0,2,1,1194
401171,6,18,96,2,4,6,102,0,96,524,3,14,0,4,18,0,3,2,1,0,2,0,571
401172,4,13,76,3,4,7,83,2,76,446,49,25,0,1,9,0,1,3,0,0,1,0,535
401173,2,2,17,0,2,2,19,0,11,82,2,3,3,0,8,0,0,0,0,0,0,0,98
401174,9,24,179,5,2,7,186,2,179,622,18,22,0,5,51,1,3,2,0,0,3,0,727
401175,5,11,42,2,4,6,48,0,41,266,8,9,0,1,11,0,0,0,0,0,2,0,297
401176,5,12,94,0,0,0,94,1,94,344,0,14,0,4,12,0,2,1,0,0,0,0,377
401177,6,5,50,2,3,5,55,0,50,211,2,5,0,4,14,0,4,1,0,0,1,0,242
401178,4,11,100,3,1,4,104,1,100,509,1,12,1,6,18,1,9,0,1,0,0,0,558
401179,2,10,76,0,11,11,87,2,76,424,17,10,0,3,9,0,1,2,0,0,2,0,468
401180,2,8,34,0,0,0,34,0,34,213,0,5,0,0,4,0,6,0,0,0,15,0,243
401181,1,0,0,0,5,5,5,0,0,33,7,1,0,0,1,0,0,0,0,0,0,0,42
401182,1,0,0,0,3,3,3,0,0,33,3,3,0,1,2,0,0,0,0,0,0,0,42
401183,9,28,42,2,0,2,44,0,42,158,10,7,1,8,9,0,6,1,2,0,2,0,204
401224,2,16,67,1,0,1,68,2,67,582,9,14,0,5,19,0,8,0,0,0,7,0,644
401226,3,18,92,2,17,19,111,2,92,830,28,31,0,6,33,1,4,2,0,0,3,0,938
401227,3,30,126,0,0,0,126,1,96,1024,11,38,5,11,23,1,12,3,0,0,1,0,1129
401228,2,20,83,0,0,0,83,0,83,655,3,16,0,4,14,0,18,1,0,0,1,0,712
401229,2,0,180,2,1,3,183,0,180,64,0,7,3,6,8,0,0,0,0,0,0,0,88
401230,3,24,118,1,2,3,121,3,118,742,5,29,4,14,16,4,10,2,0,0,4,0,830
401231,3,24,109,1,6,7,116,3,109,739,1,23,5,7,34,2,1,0,0,0,2,0,814
401232,8,9,18,1,16,17,35,1,18,433,74,45,13,5,17,8,0,1,2,0,1,0,599
401233,2,0,3,0,0,0,3,0,3,21,0,0,0,0,0,0,2,0,0,0,0,0,23
401234,5,16,60,0,4,4,64,0,60,417,5,8,0,1,17,9,7,1,0,0,0,0,465
401235,2,8,30,2,0,2,32,0,30,251,35,19,4,11,15,2,2,3,0,0,0,0,342
401236,1,7,33,1,0,1,34,1,33,214,4,9,1,5,3,0,1,0,0,0,1,0,238
401237,2,0,1,0,3,3,4,0,1,32,4,1,0,0,0,0,0,0,0,0,0,0,37
400103,2,5,10,8,3,11,21,1,14,199,220,13,16,2,22,3,1,0,1,2,2,0,481
400104,4,11,53,9,11,20,73,0,61,518,0,28,6,3,42,0,6,0,0,0,0,0,603
400105,2,4,10,26,1,27,37,0,10,439,69,30,20,17,46,0,0,0,2,1,2,0,626
400119,5,9,50,1,12,13,63,0,42,349,4,24,0,2,36,1,2,0,0,0,1,0,419
400120,4,17,42,4,0,4,46,0,38,389,2,15,0,5,18,1,4,0,0,0,0,0,434
400121,2,5,17,0,1,1,18,0,15,111,3,7,0,3,29,0,9,0,1,0,0,0,163
400122,7,24,84,3,5,8,92,1,89,554,0,13,0,9,30,0,5,0,0,0,0,0,611
400123,6,8,30,4,0,4,34,0,29,248,0,12,0,3,10,2,0,0,0,0,1,0,276
400124,5,19,103,7,9,16,119,4,108,709,10,27,3,8,57,0,2,1,2,0,4,0,823
400125,5,20,85,4,14,18,103,4,106,593,33,24,4,1,36,4,2,0,0,0,0,0,697
400126,5,13,50,4,10,14,64,2,55,467,10,20,14,11,20,1,0,0,0,0,0,0,543
400127,5,13,26,10,5,15,41,2,32,358,147,31,36,12,195,1,2,1,4,3,1,0,791
400134,4,20,109,8,12,20,129,4,119,675,0,29,2,2,69,2,0,2,0,1,0,0,782
400135,4,19,76,5,8,13,89,3,76,785,9,21,0,2,39,1,3,0,1,0,0,0,861
400136,4,8,38,3,1,4,42,1,38,305,0,20,11,8,13,0,0,0,0,0,1,0,358
400160,2,6,7,3,3,6,13,0,9,110,0,4,0,0,3,0,0,0,0,0,0,0,117
400161,4,12,28,11,3,14,42,1,27,412,5,19,6,5,35,0,1,0,0,0,1,0,484
400162,6,10,53,6,13,19,72,0,51,513,28,27,15,3,41,0,2,1,12,0,2,0,644
400163,6,22,93,12,24,36,129,4,101,790,6,39,7,6,61,3,0,1,1,2,1,0,917
400164,6,29,119,26,18,44,163,5,126,1163,19,47,10,16,87,1,1,1,2,0,3,0,1350
400165,9,20,69,16,12,28,97,0,74,875,30,37,31,7,69,1,2,0,9,0,2,0,1063
400166,5,8,19,7,11,18,37,0,20,268,0,18,0,1,15,0,0,0,0,0,0,0,302
400167,4,16,46,4,11,15,61,1,51,626,5,20,6,14,16,5,0,0,1,1,0,0,694
400168,5,20,95,16,13,29,124,0,92,831,107,36,165,57,130,0,2,2,46,298,2,0,2853
400169,6,16,80,4,19,23,103,4,79,1012,208,49,222,45,59,0,3,0,1,0,3,0,1602
400151,4,3,17,3,0,3,20,0,9,58,90,5,2,1,10,8,9,2,1,0,2,0,188
400153,6,15,45,9,0,9,54,0,29,171,127,20,2,6,7,3,4,1,1,0,1,0,343
400154,8,13,42,12,0,12,54,0,37,241,80,18,0,3,46,3,4,0,0,0,0,0,395
400155,4,1,6,10,1,11,17,0,2,60,36,6,3,1,2,0,0,0,0,0,0,0,108
400156,5,17,25,32,1,33,58,2,32,261,245,35,2,7,27,0,1,1,0,3,15,0,597
400157,6,28,105,39,8,47,152,4,57,605,335,63,5,17,144,2,0,0,1,2,5,0,1179
400158,5,14,16,11,3,14,30,0,15,166,101,17,9,4,41,1,2,0,0,1,0,0,342
400159,6,1,11,5,0,5,16,0,4,58,51,3,0,1,5,0,0,0,0,0,0,0,118
400171,1,2,7,10,6,16,23,0,12,104,18,2,0,2,10,0,0,0,0,0,0,0,136
400172,3,12,61,9,5,14,75,2,40,327,66,8,0,2,48,1,0,0,0,0,0,0,452
400173,2,9,24,8,2,10,34,1,13,102,327,49,17,16,85,0,1,1,11,3,8,0,620
400174,7,25,67,23,7,30,97,2,58,469,218,36,4,11,77,2,7,0,2,3,8,0,837
400175,13,62,189,41,23,64,253,3,133,1288,925,111,143,24,134,7,12,2,2,8,4,0,2660
400176,5,25,61,5,0,5,66,4,55,356,169,30,10,11,34,0,10,0,0,0,3,0,623
400177,8,20,48,11,1,12,60,0,39,254,105,22,0,10,38,0,0,0,0,1,3,0,433
400178,10,7,14,5,1,6,20,0,7,106,111,19,0,4,65,1,2,0,1,2,3,0,314
400179,2,5,12,2,4,6,18,0,9,33,93,4,7,1,2,0,0,0,0,0,0,0,140
401246,2,12,91,1,0,1,92,2,91,482,83,41,1,4,21,4,6,1,1,0,3,0,647
401247,12,26,103,9,0,9,112,0,84,465,200,23,0,2,23,0,2,0,0,0,0,0,715
401248,14,5,27,1,0,1,28,0,3,75,72,9,0,3,10,1,13,0,0,0,0,0,183
401249,2,12,44,1,9,10,54,2,41,301,77,10,6,3,16,0,2,0,2,0,0,0,417
401250,9,16,74,2,0,2,76,0,72,382,92,17,4,0,16,1,9,2,1,0,0,0,524
401251,2,8,30,0,0,0,30,0,28,149,23,11,0,2,9,0,2,0,0,0,0,0,196
401252,3,15,88,4,1,5,93,1,89,278,61,8,0,1,19,2,13,0,0,0,1,0,383
401253,5,12,54,3,5,8,62,2,49,313,92,13,2,2,2,0,0,2,0,0,0,0,426
401254,12,17,109,4,5,9,118,2,96,497,111,30,6,12,35,30,2,0,2,0,0,0,725
401255,6,16,114,2,11,13,127,3,101,931,346,50,83,25,57,8,0,1,2,1,1,0,1505
401256,6,0,6,0,1,1,7,0,1,24,50,4,2,2,2,0,0,0,0,0,0,0,84
401257,5,2,11,0,0,0,11,0,0,17,47,2,0,0,2,0,0,0,0,0,0,0,68
401258,4,22,129,12,12,24,153,4,112,694,290,35,13,23,71,1,3,0,1,1,1,0,1133
401259,4,16,55,1,7,8,63,3,37,318,149,18,3,4,17,3,0,0,1,0,2,0,515
401261,10,14,85,2,0,2,87,0,72,413,107,17,4,3,17,0,4,0,1,0,1,0,567
401262,8,0,10,0,1,1,11,0,0,49,72,7,0,0,6,0,0,0,0,0,0,0,134
401263,3,0,3,0,0,0,3,0,0,17,3,2,0,0,0,0,0,0,0,0,0,0,22
401264,2,0,1,1,1,2,3,0,0,11,26,1,0,0,4,0,0,0,0,0,0,0,42
401265,7,2,13,0,1,1,14,0,0,60,59,4,1,1,4,1,0,0,0,0,0,0,130
401267,4,2,14,2,0,2,16,0,1,55,56,3,0,0,2,0,0,0,0,0,0,0,116
401268,3,0,3,0,0,0,3,0,0,17,10,0,0,0,0,0,2,0,0,0,0,0,29
401269,2,0,2,1,0,1,3,0,0,13,27,3,0,0,2,1,0,0,0,0,0,0,46
401270,1,0,0,0,1,1,1,0,0,1,0,0,0,0,0,0,0,0,0,0,0,0,1
401271,4,3,3,0,1,1,4,0,2,20,78,6,6,0,5,0,0,10,3,0,0,0,128
401272,9,18,84,2,0,2,86,0,63,344,148,16,0,5,16,1,3,0,0,0,2,0,535
401273,7,0,11,2,1,3,14,0,1,72,65,6,0,0,10,0,4,0,0,0,0,0,157
401274,1,0,1,0,1,1,2,0,0,8,9,0,0,0,0,0,0,0,0,0,0,0,17
401277,12,12,51,2,3,5,56,0,35,252,107,10,3,10,29,2,1,0,0,4,1,0,419
401278,2,0,1,0,1,1,2,0,0,7,44,7,5,2,3,0,1,0,0,0,1,0,70
401279,5,0,5,0,0,0,5,0,0,15,28,2,2,0,1,0,2,0,0,0,0,0,50
401280,4,0,6,0,0,0,6,0,2,21,17,0,0,0,0,0,0,0,0,0,0,0,38
401281,3,0,4,1,0,1,5,0,1,19,17,0,0,0,1,0,0,0,0,0,0,0,37
401282,4,9,95,5,0,5,100,3,65,417,52,8,0,0,12,3,2,0,1,0,1,0,496
400484,4,0,3,3,5,8,11,0,2,79,35,5,8,1,5,4,0,0,0,0,0,0,137
400485,4,2,31,2,0,2,33,0,21,212,35,14,0,1,11,0,6,2,0,0,0,0,281
401057,3,12,76,0,15,15,91,3,74,434,139,18,4,3,18,1,0,2,0,0,0,0,619
401058,6,4,85,0,6,6,91,1,73,444,32,11,6,13,19,2,5,0,1,0,1,1,534
401059,4,1,6,2,8,10,16,0,5,164,93,11,2,0,6,0,3,0,0,0,0,0,279
401060,4,9,31,2,5,7,38,1,24,244,54,13,0,8,10,0,3,0,0,0,1,0,333
401061,2,4,38,1,4,5,43,1,38,247,35,6,0,2,8,1,0,0,0,0,0,0,299
401063,2,0,0,0,3,3,3,0,0,32,0,0,0,1,5,0,0,0,0,0,0,0,38
401064,2,3,8,0,3,3,11,0,8,76,13,6,0,0,1,0,2,0,0,0,0,0,98
401065,3,4,16,2,23,25,41,1,16,197,22,10,0,2,22,0,0,0,0,0,0,0,253
401066,3,3,46,8,0,8,54,0,46,383,27,13,2,1,18,0,2,0,0,0,2,0,448
401067,4,5,64,2,3,5,69,0,66,348,37,9,0,1,23,0,0,0,0,0,0,0,418
401068,4,1,27,1,4,5,32,0,27,232,17,13,0,0,9,2,4,0,0,0,0,0,277
401069,5,3,44,1,4,5,49,0,25,302,27,14,2,7,11,0,2,0,0,0,1,0,366
401070,4,0,18,0,1,1,19,0,15,113,10,10,0,0,8,0,2,0,0,0,0,0,143
401071,7,14,92,0,5,5,97,4,83,593,134,34,8,5,30,3,0,0,0,0,1,0,808
401072,5,0,21,1,3,4,25,0,22,156,2,6,0,1,2,0,0,0,0,0,0,0,167
401073,4,16,132,7,13,20,152,2,121,649,53,23,4,6,28,0,0,0,0,0,0,0,763
401074,2,0,2,0,2,2,4,0,2,15,12,0,2,0,2,0,1,0,0,0,0,0,32
401075,7,12,120,2,8,10,130,2,93,707,69,34,14,1,28,4,5,0,1,0,1,0,864
401076,7,15,97,5,2,7,104,0,97,560,41,22,2,4,18,1,0,0,2,1,0,0,651
401077,5,16,200,10,7,17,217,1,77,969,115,35,4,8,44,1,2,1,0,3,0,0,1182
401078,7,1,22,0,2,2,24,0,19,126,6,8,0,6,6,0,0,0,0,0,0,0,152
401079,4,18,136,6,17,23,159,3,86,824,101,26,4,4,23,3,0,1,0,0,0,0,986
401080,1,10,0,18,0,18,18,1,0,71,39,15,2,0,3,0,0,0,0,0,0,0,130
401082,4,2,2,0,22,22,24,0,4,195,71,15,0,4,28,0,0,0,0,0,0,0,313
401083,6,9,38,8,4,12,50,0,38,359,27,30,6,4,12,0,0,2,0,2,3,0,445
401084,8,11,48,1,4,5,53,0,38,303,15,11,2,9,17,1,3,0,0,0,0,0,361
401085,8,13,97,7,8,15,112,3,95,338,12,16,0,1,12,23,2,0,0,0,0,0,404
401086,7,4,37,1,10,11,48,0,34,223,14,1,0,0,7,0,2,1,0,2,0,0,250
401087,6,0,65,7,17,24,89,0,55,506,84,30,6,0,30,0,6,0,0,0,0,0,662
401088,8,14,112,33,23,56,168,1,122,830,220,51,11,11,33,2,1,1,0,0,6,0,1166
401089,5,14,44,21,10,31,75,0,60,453,123,32,6,7,41,0,10,2,2,1,0,0,677
400959,1,0,12,1,3,4,16,0,0,25,18,6,0,1,11,0,0,0,0,0,0,0,61
400960,5,8,78,8,2,10,88,1,78,429,25,14,0,1,40,1,4,0,0,0,0,0,514
400961,4,0,35,0,0,0,35,0,29,148,40,3,0,0,9,3,2,0,0,0,0,0,205
400962,3,12,79,4,7,11,90,2,41,454,95,10,3,13,10,0,1,0,1,0,0,0,587
400963,5,0,0,0,4,4,4,0,0,127,651,43,296,22,93,0,8,0,0,0,2,0,1242
400965,2,0,82,1,6,7,89,2,86,494,17,19,0,6,11,1,0,6,0,0,1,0,555
400966,10,0,0,0,0,0,0,0,0,463,32,18,0,2,18,0,0,0,1,1,1,0,536
400967,4,4,38,2,11,13,51,1,39,357,17,28,6,2,9,4,4,1,0,0,1,0,429
400968,7,4,50,2,6,8,58,1,53,279,171,18,9,4,34,10,2,1,0,0,0,0,528
400969,2,4,34,0,9,9,43,1,34,244,23,4,0,5,5,0,0,0,0,0,0,0,281
400970,1,0,0,0,1,1,1,0,0,2,126,10,4,1,3,0,0,0,0,0,0,0,146
400971,4,5,45,1,7,8,53,1,47,271,3,1,0,1,19,2,3,0,0,0,1,0,301
400972,1,11,47,0,0,0,47,1,47,321,0,7,0,0,9,0,1,0,0,1,1,0,340
400973,1,11,47,0,0,0,47,1,47,336,0,9,0,3,4,0,1,1,0,0,0,0,354
400974,1,11,47,0,0,0,47,1,47,273,0,1,0,2,1,0,4,0,0,0,0,0,281
400975,4,0,10,0,0,0,10,0,10,62,0,4,0,1,1,5,5,0,1,0,0,0,79
400976,2,10,52,0,0,0,52,0,52,334,0,9,0,2,29,0,6,0,0,1,0,0,381
400977,2,10,52,0,0,0,52,0,52,339,0,10,0,7,12,5,4,0,0,0,2,0,379
400978,4,23,72,0,0,0,72,0,72,463,0,10,0,1,18,0,7,1,1,0,0,0,501
400979,5,25,90,0,0,0,90,0,93,583,0,16,0,5,31,0,4,2,0,0,0,0,641
400980,4,20,111,1,0,1,112,0,112,657,5,25,0,1,28,2,10,0,0,0,1,0,729
400981,3,15,79,1,0,1,80,0,80,564,0,10,0,3,19,0,9,0,0,0,2,0,607
400982,2,10,34,0,0,0,34,0,34,256,0,6,0,1,6,0,5,4,0,0,3,0,281
400983,2,10,45,0,0,0,45,2,45,341,0,13,0,5,9,2,9,2,0,0,0,0,381
400984,5,36,102,2,0,2,104,5,104,803,4,24,0,4,16,0,14,6,1,0,2,0,874
400985,2,10,34,1,0,1,35,0,35,286,0,2,0,4,4,0,5,2,0,0,2,0,305
400986,2,10,35,0,0,0,35,0,35,228,0,12,0,1,8,0,7,2,2,0,0,0,260
400987,4,4,34,0,1,1,35,1,35,196,27,6,0,5,13,5,1,0,0,0,0,0,253
400988,3,10,87,3,10,13,100,2,88,523,28,22,2,8,23,0,8,1,0,0,1,0,616
400989,5,4,16,1,6,7,23,0,17,269,17,6,0,7,7,0,0,0,0,1,1,0,308
400990,6,10,48,1,7,8,56,2,33,432,24,10,2,7,21,0,1,4,1,0,1,0,503
401523,3,0,0,0,0,0,0,0,0,171,3,0,0,2,3,0,1,0,0,0,0,0,180
400111,2,0,0,0,0,0,0,0,0,128,56,20,1,5,7,0,0,1,0,0,1,0,219
400715,4,0,1,0,3,3,4,0,2,36,8,2,0,0,0,0,2,0,0,0,0,0,48
400716,5,0,10,0,3,3,13,0,10,46,14,6,0,1,3,1,0,0,0,0,0,0,71
400717,4,4,21,0,1,1,22,1,6,81,10,7,0,1,1,0,0,1,0,0,0,0,101
400718,3,0,0,0,0,0,0,0,0,1,0,0,0,0,1,0,0,0,0,0,0,0,2
400719,3,12,95,0,1,1,96,3,95,328,17,16,0,2,8,0,2,1,0,0,1,0,375
400720,6,0,6,0,2,2,8,0,6,97,25,5,0,0,15,0,0,0,0,0,0,0,142
400721,5,0,11,0,5,5,16,0,12,76,89,12,0,0,4,0,0,0,1,0,1,0,183
400729,2,0,0,0,8,8,8,0,8,39,133,49,2,2,11,0,0,1,1,1,0,0,239
400730,7,0,8,0,3,3,11,0,10,54,45,7,0,0,1,0,1,0,0,0,1,0,109
400731,7,0,11,0,1,1,12,0,11,72,15,6,0,0,8,0,0,0,0,0,0,0,101
400732,10,0,9,0,0,0,9,0,9,61,26,6,0,0,3,0,0,0,0,0,0,0,96
400733,6,0,7,0,0,0,7,0,6,44,23,11,0,1,2,0,6,0,0,0,0,0,87
400735,4,0,5,0,0,0,5,0,5,28,27,1,0,0,0,0,1,0,0,0,0,0,57
400736,2,0,3,0,1,1,4,0,3,27,12,2,0,0,2,0,0,1,0,0,0,0,44
400737,8,5,21,1,1,2,23,1,21,143,13,10,0,2,1,0,0,0,0,0,0,0,169
400738,6,4,47,0,0,0,47,0,47,196,19,3,0,0,9,2,2,0,0,0,0,0,231
400739,7,0,8,0,2,2,10,0,8,82,49,8,0,3,4,3,1,0,0,0,0,0,150
400740,9,0,8,0,0,0,8,0,8,43,25,5,0,1,0,1,0,0,0,0,0,0,75
400741,4,4,30,1,3,4,34,0,30,209,35,10,0,4,20,0,3,0,1,0,0,0,282
400742,2,0,7,0,0,0,7,0,7,45,8,2,0,0,4,0,2,0,0,0,0,0,61
400743,2,0,3,0,0,0,3,0,3,14,8,2,0,0,0,0,0,0,0,0,0,0,24
400744,1,0,1,0,0,0,1,0,1,0,3,1,0,0,0,0,0,0,0,0,0,0,4
400745,5,9,97,1,2,3,100,1,97,960,75,37,2,6,36,2,7,3,1,0,4,0,1133
400746,5,0,5,0,1,1,6,0,5,49,35,1,0,0,2,0,14,0,0,0,0,0,101
400747,2,5,22,0,4,4,26,1,22,170,46,18,0,2,8,0,2,0,0,0,0,0,246
400749,4,0,3,0,1,1,4,0,3,129,15,5,0,0,4,0,0,1,1,0,0,0,155
400750,2,3,11,1,0,1,12,0,11,49,0,2,0,0,3,0,0,0,0,0,0,0,54
400751,10,3,27,0,3,3,30,0,27,164,44,29,0,4,6,0,1,0,0,0,0,0,248
400753,3,12,83,1,3,4,87,1,83,286,26,8,0,0,7,0,2,0,0,0,0,0,329
400754,5,0,0,0,0,0,0,0,0,181,43,4,0,2,8,0,0,0,0,0,1,0,239
400755,1,0,0,0,1,1,1,0,1,15,85,17,0,5,7,0,0,0,0,0,0,0,129
400756,6,0,6,0,2,2,8,0,8,29,66,3,1,1,1,0,0,0,0,0,0,0,101
400757,4,0,2,0,2,2,4,0,2,84,25,8,3,0,2,0,0,0,0,0,0,0,122
400758,5,0,2,0,2,2,4,0,0,15,94,5,0,1,5,0,0,0,0,0,0,0,120
400759,12,10,73,0,7,7,80,0,72,370,54,10,1,2,30,0,0,1,1,0,1,0,470
400760,11,13,82,0,3,3,85,1,81,420,91,10,1,1,17,1,5,0,1,0,0,0,547
400761,4,0,4,0,3,3,7,0,0,33,48,7,0,4,1,0,0,0,0,0,0,0,93
400762,12,10,50,0,2,2,52,0,50,346,80,14,0,2,14,1,2,0,1,0,0,0,460
400763,7,3,21,0,1,1,22,0,21,100,27,10,0,0,7,0,2,0,0,0,0,0,146
400764,4,0,11,0,3,3,14,0,14,82,90,10,0,2,8,0,0,0,0,0,0,0,192
400765,9,6,62,0,1,1,63,0,57,312,26,8,0,5,32,1,4,0,0,0,1,0,389
400766,4,7,39,0,1,1,40,0,39,167,5,3,0,0,8,3,0,0,0,0,3,0,189
400767,4,5,40,1,8,9,49,1,40,297,75,19,3,3,14,3,4,0,0,0,0,0,418
401239,2,24,41,0,6,6,47,2,0,711,146,32,63,16,35,3,12,0,2,2,1,0,1023
401240,2,7,82,1,5,6,88,1,0,398,13,8,0,5,11,139,2,1,0,2,0,0,579
401241,5,25,111,3,11,14,125,3,0,592,20,17,0,13,20,8,0,0,1,1,7,0,679
401242,8,46,336,4,13,17,353,7,0,1727,8,25,2,12,48,5,4,2,1,0,1,0,1835
401243,5,18,120,2,2,4,124,2,0,755,7,18,0,8,32,0,2,1,1,0,1,0,825
401244,7,45,293,3,9,12,305,5,2,1273,44,33,2,7,38,12,13,2,0,0,2,0,1426
401245,7,20,92,1,9,10,102,2,0,644,45,18,2,6,25,0,1,0,0,0,0,0,741
401283,13,39,168,10,16,26,194,0,0,1290,58,55,0,19,44,56,8,1,0,0,7,0,1538
401284,7,27,100,8,16,24,124,1,0,1046,162,58,9,24,20,2,3,0,0,0,0,0,1324
401359,5,41,145,4,5,9,154,4,0,1013,45,37,0,6,32,2,17,1,3,0,3,0,1159
401360,2,16,47,1,4,5,52,2,0,376,18,11,0,2,5,0,6,1,1,0,0,0,420
401361,2,16,48,0,3,3,51,2,0,354,16,14,0,2,18,5,3,0,1,0,0,0,413
401362,3,0,0,0,3,3,3,0,0,43,15,4,0,0,1,0,0,0,0,0,0,0,63
401380,2,12,36,2,2,4,40,0,0,268,7,12,0,4,7,0,9,1,2,0,0,0,310
401381,2,12,35,1,0,1,36,0,0,280,0,8,0,7,8,1,1,0,0,0,1,0,306
401382,4,0,2,0,3,3,5,0,1,81,16,1,0,1,3,1,0,0,0,0,0,0,103
401383,3,16,45,0,2,2,47,0,0,337,4,3,0,3,13,0,0,0,0,0,1,0,361
400142,3,5,24,0,1,1,25,1,1,78,85,11,17,5,6,0,0,1,0,0,1,0,204
400204,1,0,0,0,0,0,0,0,0,392,250,72,10,19,52,1,0,2,0,0,3,0,801
400211,5,6,51,3,7,10,61,1,42,153,172,12,0,5,19,0,0,0,0,0,1,0,362
400212,6,16,56,21,9,30,86,0,51,364,92,19,12,11,101,0,6,0,0,2,1,0,608
400213,1,13,56,5,0,5,61,1,56,88,32,2,0,1,16,0,0,1,0,0,0,0,140
400214,1,13,56,23,0,23,79,1,53,406,56,19,2,5,51,0,4,1,0,0,0,0,544
400215,3,8,26,14,0,14,40,0,24,213,143,22,27,3,45,0,0,1,0,0,2,0,456
400216,1,0,2,1,0,1,3,0,2,10,0,2,0,0,8,0,0,0,0,0,1,0,21
400217,2,0,0,0,1,1,1,0,0,29,12,0,0,0,4,3,0,0,0,1,0,0,49
400218,2,0,1,1,0,1,2,0,0,16,2,4,0,1,15,0,0,0,0,1,0,0,39
400219,8,12,53,12,6,18,71,2,49,360,163,29,12,11,56,9,0,0,1,2,0,0,643
400220,5,10,46,3,5,8,54,3,36,273,91,17,2,1,26,0,0,0,0,0,1,0,411
400222,2,10,32,5,4,9,41,2,25,285,47,15,0,7,20,60,0,0,2,0,1,0,437
400223,3,15,40,4,6,10,50,3,40,328,65,19,2,2,24,0,4,0,0,0,0,0,444
400224,2,19,97,11,5,16,113,1,97,812,85,23,4,2,29,1,5,2,1,0,0,0,964
400226,1,0,0,0,1,1,1,0,0,3,0,1,0,0,0,0,0,0,0,0,0,0,4
400227,4,16,80,3,0,3,83,0,74,372,20,11,0,0,10,8,9,1,0,0,7,0,438
400228,6,23,54,12,0,12,66,0,51,379,33,9,0,5,37,4,4,1,0,0,2,0,474
400229,2,12,38,4,0,4,42,0,38,213,25,10,0,4,7,1,3,1,2,0,0,0,266
400230,2,2,0,0,25,25,25,0,0,159,145,14,6,5,7,0,0,0,0,2,0,0,338
400313,9,22,53,11,7,18,71,0,46,419,146,26,2,14,43,1,1,0,2,2,1,0,657
400314,7,17,47,4,9,13,60,0,34,343,149,44,14,8,68,1,4,1,0,2,3,0,637
400315,4,24,80,5,17,22,102,4,69,575,247,44,10,12,49,6,2,0,2,1,1,0,949
400316,3,11,40,12,9,21,61,2,36,309,360,58,58,24,39,1,2,1,1,1,2,0,856
400705,3,2,9,0,1,1,10,0,5,20,20,1,0,0,1,0,0,0,0,0,0,0,42
400706,12,12,34,0,18,18,52,0,12,239,469,31,94,31,50,2,3,0,0,0,3,0,922
400707,12,5,15,1,8,9,24,0,1,120,442,14,184,12,18,0,12,0,0,0,1,0,803
400709,4,3,3,1,7,8,11,0,5,112,142,31,26,6,6,1,0,0,0,0,1,0,325
400857,13,0,17,0,0,0,17,0,0,92,30,1,0,0,5,0,1,0,0,0,0,0,129
400858,20,24,95,0,0,0,95,0,71,369,18,9,0,2,14,0,0,1,0,0,1,0,414
400859,21,1,41,4,1,5,46,0,3,271,133,14,6,1,9,0,12,0,0,0,1,0,447
400860,6,3,16,0,4,4,20,0,8,78,317,6,92,4,1,1,4,1,0,0,1,0,505
400861,2,1,10,0,0,0,10,0,7,104,15,3,0,0,1,0,0,0,0,0,0,0,123
400862,4,1,9,0,0,0,9,0,3,28,0,1,0,1,3,0,0,0,0,0,0,0,33
400863,9,1,16,0,1,1,17,0,6,138,65,1,8,0,2,2,8,0,0,0,0,0,224
400864,55,7,69,13,3,16,85,0,11,588,197,51,15,18,32,4,17,1,3,2,0,0,928
400865,52,8,50,10,42,52,102,0,19,703,682,105,58,24,57,35,7,1,0,2,3,0,1677
400866,10,3,47,0,1,1,48,0,27,232,11,9,0,4,12,0,1,1,0,0,0,0,270
400867,2,4,0,2,3,5,5,0,0,18,357,1,1050,10,23,0,0,348,0,0,5,0,1812
